mule_id,title,brand,category,price_krw,condition,country_code,reg_date,is_sold,crawled_at
10358385_aug_10267,On-Stage KSP100 Keyboard Sustain Pedal,On-Stage,synthesizer,55400,good,GB,2023-05-07T00:00:00Z,False,2026-06-01 02:51:24.912100
10358385_aug_128387,On-Stage KSP100 Keyboard Sustain Pedal,On-Stage,synthesizer,47200,excellent,KR,2023-02-25T00:00:00Z,False,2026-06-01 02:51:24.912100
10358385_aug_169772,On-Stage KSP100 Keyboard Sustain Pedal,On-Stage,synthesizer,50600,excellent,US,2023-12-15T00:00:00Z,False,2026-06-01 02:51:24.912100
10358385_aug_171518,On-Stage KSP100 Keyboard Sustain Pedal,On-Stage,synthesizer,57500,excellent,GB,2023-01-25T00:00:00Z,True,2026-06-01 02:51:24.912100
10358385_aug_19098,On-Stage KSP100 Keyboard Sustain Pedal,On-Stage,synthesizer,58200,excellent,US,2023-12-01T00:00:00Z,False,2026-06-01 02:51:24.912100
10358385_aug_2063,On-Stage KSP100 Keyboard Sustain Pedal,On-Stage,synthesizer,55500,excellent,KR,2023-04-14T00:00:00Z,False,2026-06-01 02:51:24.912100
10358385_aug_211330,On-Stage KSP100 Keyboard Sustain Pedal,On-Stage,synthesizer,47700,excellent,US,2023-01-25T00:00:00Z,False,2026-06-01 02:51:24.912100
10358385_aug_224221,On-Stage KSP100 Keyboard Sustain Pedal,On-Stage,synthesizer,55500,excellent,GB,2023-07-17T00:00:00Z,False,2026-06-01 02:51:24.912100
10358385_aug_228564,On-Stage KSP100 Keyboard Sustain Pedal,On-Stage,synthesizer,60700,very-good,KR,2023-12-19T00:00:00Z,False,2026-06-01 02:51:24.912100
10358385_aug_238461,On-Stage KSP100 Keyboard Sustain Pedal,On-Stage,synthesizer,51100,mint,US,2023-05-30T00:00:00Z,False,2026-06-01 02:51:24.912100
10358385_aug_260388,On-Stage KSP100 Keyboard Sustain Pedal,On-Stage,synthesizer,53800,fair,US,2023-03-16T00:00:00Z,False,2026-06-01 02:51:24.912100
10358385_aug_273952,On-Stage KSP100 Keyboard Sustain Pedal,On-Stage,synthesizer,57500,mint,AU,2023-01-05T00:00:00Z,False,2026-06-01 02:51:24.912100
10358385_aug_278743,On-Stage KSP100 Keyboard Sustain Pedal,On-Stage,synthesizer,51500,excellent,US,2023-01-16T00:00:00Z,False,2026-06-01 02:51:24.912100
10358385_aug_280654,On-Stage KSP100 Keyboard Sustain Pedal,On-Stage,synthesizer,55700,very-good,US,2023-08-10T00:00:00Z,False,2026-06-01 02:51:24.912100
10358385_aug_311553,On-Stage KSP100 Keyboard Sustain Pedal,On-Stage,synthesizer,55500,excellent,JP,2023-07-04T00:00:00Z,False,2026-06-01 02:51:24.912100
10358385_aug_365298,On-Stage KSP100 Keyboard Sustain Pedal,On-Stage,synthesizer,51800,very-good,US,2023-08-02T00:00:00Z,False,2026-06-01 02:51:24.912100
10358385_aug_383308,On-Stage KSP100 Keyboard Sustain Pedal,On-Stage,synthesizer,54500,good,US,2023-01-25T00:00:00Z,False,2026-06-01 02:51:24.912100
10358385_aug_389394,On-Stage KSP100 Keyboard Sustain Pedal,On-Stage,synthesizer,62200,very-good,US,2023-03-04T00:00:00Z,False,2026-06-01 02:51:24.912100
10358385_aug_4042,On-Stage KSP100 Keyboard Sustain Pedal,On-Stage,synthesizer,48700,excellent,US,2023-10-17T00:00:00Z,False,2026-06-01 02:51:24.912100
10358385_aug_40935,On-Stage KSP100 Keyboard Sustain Pedal,On-Stage,synthesizer,58000,excellent,DE,2023-09-30T00:00:00Z,False,2026-06-01 02:51:24.912100
10358385_aug_440572,On-Stage KSP100 Keyboard Sustain Pedal,On-Stage,synthesizer,57100,very-good,US,2023-04-26T00:00:00Z,False,2026-06-01 02:51:24.912100
10358385_aug_446736,On-Stage KSP100 Keyboard Sustain Pedal,On-Stage,synthesizer,56800,excellent,KR,2023-12-16T00:00:00Z,False,2026-06-01 02:51:24.912100
10358385_aug_472869,On-Stage KSP100 Keyboard Sustain Pedal,On-Stage,synthesizer,56700,very-good,CA,2023-11-24T00:00:00Z,False,2026-06-01 02:51:24.912100
10358385_aug_479501,On-Stage KSP100 Keyboard Sustain Pedal,On-Stage,synthesizer,63300,good,US,2023-08-25T00:00:00Z,False,2026-06-01 02:51:24.912100
10358385_aug_5380,On-Stage KSP100 Keyboard Sustain Pedal,On-Stage,synthesizer,53400,good,JP,2023-04-27T00:00:00Z,False,2026-06-01 02:51:24.912100
10358385_aug_549123,On-Stage KSP100 Keyboard Sustain Pedal,On-Stage,synthesizer,60400,fair,GB,2023-08-15T00:00:00Z,False,2026-06-01 02:51:24.912100
10358385_aug_552719,On-Stage KSP100 Keyboard Sustain Pedal,On-Stage,synthesizer,62900,very-good,US,2023-07-24T00:00:00Z,True,2026-06-01 02:51:24.912100
10358385_aug_554452,On-Stage KSP100 Keyboard Sustain Pedal,On-Stage,synthesizer,56100,excellent,US,2023-09-11T00:00:00Z,False,2026-06-01 02:51:24.912100
10358385_aug_574695,On-Stage KSP100 Keyboard Sustain Pedal,On-Stage,synthesizer,53400,very-good,JP,2023-05-12T00:00:00Z,False,2026-06-01 02:51:24.912100
10358385_aug_83285,On-Stage KSP100 Keyboard Sustain Pedal,On-Stage,synthesizer,55700,excellent,US,2023-08-10T00:00:00Z,True,2026-06-01 02:51:24.912100
10358385_aug_84563,On-Stage KSP100 Keyboard Sustain Pedal,On-Stage,synthesizer,63800,very-good,KR,2023-06-18T00:00:00Z,False,2026-06-01 02:51:24.912100
10818267_aug_108300,Nord Music Stand V2,Nord,synthesizer,227200,very-good,US,2023-01-10T00:00:00Z,False,2026-06-01 02:51:24.912100
10818267_aug_12540,Nord Music Stand V2,Nord,synthesizer,207300,excellent,US,2023-02-02T00:00:00Z,False,2026-06-01 02:51:24.912100
10818267_aug_126005,Nord Music Stand V2,Nord,synthesizer,217300,mint,US,2023-09-26T00:00:00Z,False,2026-06-01 02:51:24.912100
10818267_aug_182335,Nord Music Stand V2,Nord,synthesizer,209200,excellent,DE,2023-06-15T00:00:00Z,False,2026-06-01 02:51:24.912100
10818267_aug_200451,Nord Music Stand V2,Nord,synthesizer,209000,excellent,US,2023-06-29T00:00:00Z,False,2026-06-01 02:51:24.912100
10818267_aug_228179,Nord Music Stand V2,Nord,synthesizer,211000,good,KR,2023-11-07T00:00:00Z,False,2026-06-01 02:51:24.912100
10818267_aug_229061,Nord Music Stand V2,Nord,synthesizer,205300,very-good,US,2023-01-13T00:00:00Z,False,2026-06-01 02:51:24.912100
10818267_aug_231009,Nord Music Stand V2,Nord,synthesizer,197800,excellent,CA,2023-09-10T00:00:00Z,False,2026-06-01 02:51:24.912100
10818267_aug_283748,Nord Music Stand V2,Nord,synthesizer,233000,excellent,FR,2023-04-25T00:00:00Z,False,2026-06-01 02:51:24.912100
10818267_aug_286632,Nord Music Stand V2,Nord,synthesizer,218000,good,JP,2023-10-28T00:00:00Z,False,2026-06-01 02:51:24.912100
10818267_aug_296378,Nord Music Stand V2,Nord,synthesizer,242600,mint,US,2023-08-01T00:00:00Z,True,2026-06-01 02:51:24.912100
10818267_aug_307489,Nord Music Stand V2,Nord,synthesizer,229100,good,US,2023-02-06T00:00:00Z,True,2026-06-01 02:51:24.912100
10818267_aug_364668,Nord Music Stand V2,Nord,synthesizer,175100,good,US,2023-01-19T00:00:00Z,False,2026-06-01 02:51:24.912100
10818267_aug_367907,Nord Music Stand V2,Nord,synthesizer,201800,good,US,2023-11-07T00:00:00Z,True,2026-06-01 02:51:24.912100
10818267_aug_370528,Nord Music Stand V2,Nord,synthesizer,220200,excellent,KR,2023-02-15T00:00:00Z,True,2026-06-01 02:51:24.912100
10818267_aug_394595,Nord Music Stand V2,Nord,synthesizer,222400,very-good,JP,2023-08-28T00:00:00Z,False,2026-06-01 02:51:24.912100
10818267_aug_412795,Nord Music Stand V2,Nord,synthesizer,271500,good,US,2023-08-10T00:00:00Z,False,2026-06-01 02:51:24.912100
10818267_aug_428300,Nord Music Stand V2,Nord,synthesizer,189900,excellent,KR,2023-03-30T00:00:00Z,False,2026-06-01 02:51:24.912100
10818267_aug_466218,Nord Music Stand V2,Nord,synthesizer,220300,good,KR,2023-08-06T00:00:00Z,False,2026-06-01 02:51:24.912100
10818267_aug_53165,Nord Music Stand V2,Nord,synthesizer,233800,good,KR,2023-05-25T00:00:00Z,False,2026-06-01 02:51:24.912100
10818267_aug_535527,Nord Music Stand V2,Nord,synthesizer,253500,very-good,US,2023-06-01T00:00:00Z,False,2026-06-01 02:51:24.912100
10818267_aug_536262,Nord Music Stand V2,Nord,synthesizer,229300,very-good,US,2023-03-16T00:00:00Z,False,2026-06-01 02:51:24.912100
10818267_aug_562188,Nord Music Stand V2,Nord,synthesizer,240300,excellent,AU,2023-03-17T00:00:00Z,False,2026-06-01 02:51:24.912100
10818267_aug_571479,Nord Music Stand V2,Nord,synthesizer,204000,very-good,KR,2023-10-16T00:00:00Z,False,2026-06-01 02:51:24.912100
10818267_aug_582276,Nord Music Stand V2,Nord,synthesizer,217900,excellent,KR,2023-01-21T00:00:00Z,False,2026-06-01 02:51:24.912100
10818267_aug_584049,Nord Music Stand V2,Nord,synthesizer,246700,excellent,US,2023-03-06T00:00:00Z,False,2026-06-01 02:51:24.912100
10818267_aug_64657,Nord Music Stand V2,Nord,synthesizer,235100,good,KR,2023-11-25T00:00:00Z,True,2026-06-01 02:51:24.912100
10818267_aug_68589,Nord Music Stand V2,Nord,synthesizer,230300,very-good,US,2023-02-01T00:00:00Z,False,2026-06-01 02:51:24.912100
10818267_aug_80064,Nord Music Stand V2,Nord,synthesizer,215900,good,US,2023-02-07T00:00:00Z,False,2026-06-01 02:51:24.912100
10818267_aug_91203,Nord Music Stand V2,Nord,synthesizer,219900,excellent,US,2023-09-18T00:00:00Z,False,2026-06-01 02:51:24.912100
10946838_aug_112275,"Kustom Amplifier Combo - Head - Amp - Speaker Cover Fits Most 26"" X 17.5"" X 11.5 *FREE SHIPPING!!!",Kustom,amp,48800,excellent,CA,2023-10-09T00:00:00Z,True,2026-06-01 02:51:24.912100
10946838_aug_120728,"Kustom Amplifier Combo - Head - Amp - Speaker Cover Fits Most 26"" X 17.5"" X 11.5 *FREE SHIPPING!!!",Kustom,amp,53300,very-good,US,2023-09-21T00:00:00Z,False,2026-06-01 02:51:24.912100
10946838_aug_131145,"Kustom Amplifier Combo - Head - Amp - Speaker Cover Fits Most 26"" X 17.5"" X 11.5 *FREE SHIPPING!!!",Kustom,amp,54100,excellent,AU,2023-01-12T00:00:00Z,False,2026-06-01 02:51:24.912100
10946838_aug_144993,"Kustom Amplifier Combo - Head - Amp - Speaker Cover Fits Most 26"" X 17.5"" X 11.5 *FREE SHIPPING!!!",Kustom,amp,52600,fair,US,2023-10-09T00:00:00Z,False,2026-06-01 02:51:24.912100
10946838_aug_163484,"Kustom Amplifier Combo - Head - Amp - Speaker Cover Fits Most 26"" X 17.5"" X 11.5 *FREE SHIPPING!!!",Kustom,amp,53500,good,US,2023-05-07T00:00:00Z,False,2026-06-01 02:51:24.912100
10946838_aug_20754,"Kustom Amplifier Combo - Head - Amp - Speaker Cover Fits Most 26"" X 17.5"" X 11.5 *FREE SHIPPING!!!",Kustom,amp,39100,very-good,US,2023-04-15T00:00:00Z,False,2026-06-01 02:51:24.912100
10946838_aug_329180,"Kustom Amplifier Combo - Head - Amp - Speaker Cover Fits Most 26"" X 17.5"" X 11.5 *FREE SHIPPING!!!",Kustom,amp,48800,good,KR,2023-03-17T00:00:00Z,False,2026-06-01 02:51:24.912100
10946838_aug_333047,"Kustom Amplifier Combo - Head - Amp - Speaker Cover Fits Most 26"" X 17.5"" X 11.5 *FREE SHIPPING!!!",Kustom,amp,44600,good,FR,2023-03-07T00:00:00Z,False,2026-06-01 02:51:24.912100
10946838_aug_37016,"Kustom Amplifier Combo - Head - Amp - Speaker Cover Fits Most 26"" X 17.5"" X 11.5 *FREE SHIPPING!!!",Kustom,amp,49600,fair,DE,2023-04-13T00:00:00Z,False,2026-06-01 02:51:24.912100
10946838_aug_391850,"Kustom Amplifier Combo - Head - Amp - Speaker Cover Fits Most 26"" X 17.5"" X 11.5 *FREE SHIPPING!!!",Kustom,amp,51800,fair,JP,2023-07-03T00:00:00Z,False,2026-06-01 02:51:24.912100
10946838_aug_461781,"Kustom Amplifier Combo - Head - Amp - Speaker Cover Fits Most 26"" X 17.5"" X 11.5 *FREE SHIPPING!!!",Kustom,amp,55600,excellent,US,2023-02-24T00:00:00Z,False,2026-06-01 02:51:24.912100
10946838_aug_483249,"Kustom Amplifier Combo - Head - Amp - Speaker Cover Fits Most 26"" X 17.5"" X 11.5 *FREE SHIPPING!!!",Kustom,amp,41900,fair,US,2023-09-07T00:00:00Z,False,2026-06-01 02:51:24.912100
10946838_aug_491060,"Kustom Amplifier Combo - Head - Amp - Speaker Cover Fits Most 26"" X 17.5"" X 11.5 *FREE SHIPPING!!!",Kustom,amp,51000,good,CA,2023-05-01T00:00:00Z,False,2026-06-01 02:51:24.912100
10946838_aug_511527,"Kustom Amplifier Combo - Head - Amp - Speaker Cover Fits Most 26"" X 17.5"" X 11.5 *FREE SHIPPING!!!",Kustom,amp,50200,very-good,US,2023-11-25T00:00:00Z,False,2026-06-01 02:51:24.912100
10946838_aug_548319,"Kustom Amplifier Combo - Head - Amp - Speaker Cover Fits Most 26"" X 17.5"" X 11.5 *FREE SHIPPING!!!",Kustom,amp,46000,excellent,JP,2023-01-06T00:00:00Z,False,2026-06-01 02:51:24.912100
10946838_aug_561131,"Kustom Amplifier Combo - Head - Amp - Speaker Cover Fits Most 26"" X 17.5"" X 11.5 *FREE SHIPPING!!!",Kustom,amp,50100,very-good,US,2023-04-10T00:00:00Z,False,2026-06-01 02:51:24.912100
10946838_aug_60355,"Kustom Amplifier Combo - Head - Amp - Speaker Cover Fits Most 26"" X 17.5"" X 11.5 *FREE SHIPPING!!!",Kustom,amp,51100,excellent,US,2023-04-28T00:00:00Z,False,2026-06-01 02:51:24.912100
10946838_aug_69267,"Kustom Amplifier Combo - Head - Amp - Speaker Cover Fits Most 26"" X 17.5"" X 11.5 *FREE SHIPPING!!!",Kustom,amp,52400,excellent,JP,2023-07-19T00:00:00Z,False,2026-06-01 02:51:24.912100
10946838_aug_93049,"Kustom Amplifier Combo - Head - Amp - Speaker Cover Fits Most 26"" X 17.5"" X 11.5 *FREE SHIPPING!!!",Kustom,amp,37100,very-good,DE,2023-09-19T00:00:00Z,True,2026-06-01 02:51:24.912100
10946838_aug_93845,"Kustom Amplifier Combo - Head - Amp - Speaker Cover Fits Most 26"" X 17.5"" X 11.5 *FREE SHIPPING!!!",Kustom,amp,53500,good,KR,2023-01-17T00:00:00Z,False,2026-06-01 02:51:24.912100
11660803_aug_324245,Fender Marine Layer REVERB Electric Guitar Effects Stomp-Box Pedal,Fender,effector,332300,mint,US,2023-04-19T00:00:00Z,True,2026-06-01 02:51:24.912100
11660803_aug_339580,Fender Marine Layer REVERB Electric Guitar Effects Stomp-Box Pedal,Fender,effector,319300,very-good,US,2023-04-16T00:00:00Z,False,2026-06-01 02:51:24.912100
11660803_aug_533098,Fender Marine Layer REVERB Electric Guitar Effects Stomp-Box Pedal,Fender,effector,326100,excellent,DE,2023-04-17T00:00:00Z,False,2026-06-01 02:51:24.912100
11660803_aug_86746,Fender Marine Layer REVERB Electric Guitar Effects Stomp-Box Pedal,Fender,effector,336000,very-good,GB,2023-09-23T00:00:00Z,False,2026-06-01 02:51:24.912100
11660803_aug_8791,Fender Marine Layer REVERB Electric Guitar Effects Stomp-Box Pedal,Fender,effector,311100,excellent,US,2023-01-13T00:00:00Z,False,2026-06-01 02:51:24.912100
12316611_aug_107593,"Big Fat Snare Drum 14"" Original",Big Fat Snare Drum,drum,32000,very-good,US,2023-11-30T00:00:00Z,False,2026-06-01 02:51:24.912100
12316611_aug_143466,"Big Fat Snare Drum 14"" Original",Big Fat Snare Drum,drum,31100,good,US,2023-10-31T00:00:00Z,True,2026-06-01 02:51:24.912100
12316611_aug_154954,"Big Fat Snare Drum 14"" Original",Big Fat Snare Drum,drum,32900,very-good,US,2023-06-19T00:00:00Z,False,2026-06-01 02:51:24.912100
12316611_aug_158609,"Big Fat Snare Drum 14"" Original",Big Fat Snare Drum,drum,34900,very-good,US,2023-08-31T00:00:00Z,False,2026-06-01 02:51:24.912100
12316611_aug_170302,"Big Fat Snare Drum 14"" Original",Big Fat Snare Drum,drum,34400,very-good,US,2023-11-13T00:00:00Z,False,2026-06-01 02:51:24.912100
12316611_aug_181670,"Big Fat Snare Drum 14"" Original",Big Fat Snare Drum,drum,34600,very-good,US,2023-01-09T00:00:00Z,False,2026-06-01 02:51:24.912100
12316611_aug_187910,"Big Fat Snare Drum 14"" Original",Big Fat Snare Drum,drum,32100,excellent,KR,2023-10-16T00:00:00Z,False,2026-06-01 02:51:24.912100
12316611_aug_189109,"Big Fat Snare Drum 14"" Original",Big Fat Snare Drum,drum,29200,very-good,KR,2023-07-08T00:00:00Z,False,2026-06-01 02:51:24.912100
12316611_aug_199040,"Big Fat Snare Drum 14"" Original",Big Fat Snare Drum,drum,29900,very-good,JP,2023-12-13T00:00:00Z,False,2026-06-01 02:51:24.912100
12316611_aug_226284,"Big Fat Snare Drum 14"" Original",Big Fat Snare Drum,drum,29400,mint,GB,2023-05-09T00:00:00Z,False,2026-06-01 02:51:24.912100
12316611_aug_24165,"Big Fat Snare Drum 14"" Original",Big Fat Snare Drum,drum,30300,good,KR,2023-12-09T00:00:00Z,False,2026-06-01 02:51:24.912100
12316611_aug_314748,"Big Fat Snare Drum 14"" Original",Big Fat Snare Drum,drum,34600,very-good,US,2023-12-13T00:00:00Z,True,2026-06-01 02:51:24.912100
12316611_aug_3509,"Big Fat Snare Drum 14"" Original",Big Fat Snare Drum,drum,29500,mint,JP,2023-02-23T00:00:00Z,False,2026-06-01 02:51:24.912100
12316611_aug_425057,"Big Fat Snare Drum 14"" Original",Big Fat Snare Drum,drum,29800,very-good,US,2023-03-19T00:00:00Z,False,2026-06-01 02:51:24.912100
12316611_aug_439899,"Big Fat Snare Drum 14"" Original",Big Fat Snare Drum,drum,25200,very-good,KR,2023-11-09T00:00:00Z,False,2026-06-01 02:51:24.912100
12316611_aug_445394,"Big Fat Snare Drum 14"" Original",Big Fat Snare Drum,drum,31400,excellent,JP,2023-09-05T00:00:00Z,False,2026-06-01 02:51:24.912100
12316611_aug_451367,"Big Fat Snare Drum 14"" Original",Big Fat Snare Drum,drum,35000,excellent,KR,2023-09-05T00:00:00Z,False,2026-06-01 02:51:24.912100
12316611_aug_499385,"Big Fat Snare Drum 14"" Original",Big Fat Snare Drum,drum,31600,excellent,US,2023-06-14T00:00:00Z,False,2026-06-01 02:51:24.912100
12316611_aug_537855,"Big Fat Snare Drum 14"" Original",Big Fat Snare Drum,drum,32000,good,FR,2023-07-26T00:00:00Z,False,2026-06-01 02:51:24.912100
12316611_aug_56755,"Big Fat Snare Drum 14"" Original",Big Fat Snare Drum,drum,32200,very-good,JP,2023-12-03T00:00:00Z,False,2026-06-01 02:51:24.912100
12316611_aug_579406,"Big Fat Snare Drum 14"" Original",Big Fat Snare Drum,drum,33300,very-good,GB,2023-10-10T00:00:00Z,False,2026-06-01 02:51:24.912100
12316611_aug_589718,"Big Fat Snare Drum 14"" Original",Big Fat Snare Drum,drum,30600,very-good,CA,2023-12-12T00:00:00Z,False,2026-06-01 02:51:24.912100
12316611_aug_88362,"Big Fat Snare Drum 14"" Original",Big Fat Snare Drum,drum,35000,excellent,US,2023-09-27T00:00:00Z,False,2026-06-01 02:51:24.912100
1337685_aug_112751,"Bass Drum O's 2"" Chrome Bass Drum O",Drum O'S,drum,23300,excellent,FR,2023-08-22T00:00:00Z,False,2026-06-01 02:51:24.912100
1337685_aug_128998,"Bass Drum O's 2"" Chrome Bass Drum O",Drum O'S,drum,23500,very-good,FR,2023-05-06T00:00:00Z,False,2026-06-01 02:51:24.912100
1337685_aug_152102,"Bass Drum O's 2"" Chrome Bass Drum O",Drum O'S,drum,24200,fair,US,2023-10-28T00:00:00Z,False,2026-06-01 02:51:24.912100
1337685_aug_163983,"Bass Drum O's 2"" Chrome Bass Drum O",Drum O'S,drum,19000,mint,US,2023-10-11T00:00:00Z,False,2026-06-01 02:51:24.912100
1337685_aug_183102,"Bass Drum O's 2"" Chrome Bass Drum O",Drum O'S,drum,22100,very-good,KR,2023-02-24T00:00:00Z,False,2026-06-01 02:51:24.912100
1337685_aug_231416,"Bass Drum O's 2"" Chrome Bass Drum O",Drum O'S,drum,23500,good,US,2023-09-26T00:00:00Z,False,2026-06-01 02:51:24.912100
1337685_aug_24531,"Bass Drum O's 2"" Chrome Bass Drum O",Drum O'S,drum,25300,excellent,JP,2023-03-29T00:00:00Z,False,2026-06-01 02:51:24.912100
1337685_aug_296909,"Bass Drum O's 2"" Chrome Bass Drum O",Drum O'S,drum,23000,excellent,US,2023-11-18T00:00:00Z,False,2026-06-01 02:51:24.912100
1337685_aug_30648,"Bass Drum O's 2"" Chrome Bass Drum O",Drum O'S,drum,24700,excellent,JP,2023-01-31T00:00:00Z,False,2026-06-01 02:51:24.912100
1337685_aug_326546,"Bass Drum O's 2"" Chrome Bass Drum O",Drum O'S,drum,20600,very-good,GB,2023-11-19T00:00:00Z,False,2026-06-01 02:51:24.912100
1337685_aug_329445,"Bass Drum O's 2"" Chrome Bass Drum O",Drum O'S,drum,24700,very-good,US,2023-12-17T00:00:00Z,False,2026-06-01 02:51:24.912100
1337685_aug_347846,"Bass Drum O's 2"" Chrome Bass Drum O",Drum O'S,drum,24800,mint,US,2023-03-17T00:00:00Z,False,2026-06-01 02:51:24.912100
1337685_aug_372778,"Bass Drum O's 2"" Chrome Bass Drum O",Drum O'S,drum,22700,excellent,JP,2023-09-25T00:00:00Z,False,2026-06-01 02:51:24.912100
1337685_aug_386525,"Bass Drum O's 2"" Chrome Bass Drum O",Drum O'S,drum,24300,excellent,US,2023-04-02T00:00:00Z,False,2026-06-01 02:51:24.912100
1337685_aug_410323,"Bass Drum O's 2"" Chrome Bass Drum O",Drum O'S,drum,25000,mint,DE,2023-05-14T00:00:00Z,False,2026-06-01 02:51:24.912100
1337685_aug_419577,"Bass Drum O's 2"" Chrome Bass Drum O",Drum O'S,drum,22300,good,KR,2023-02-02T00:00:00Z,False,2026-06-01 02:51:24.912100
1337685_aug_481959,"Bass Drum O's 2"" Chrome Bass Drum O",Drum O'S,drum,20700,very-good,KR,2023-05-26T00:00:00Z,False,2026-06-01 02:51:24.912100
1337685_aug_489537,"Bass Drum O's 2"" Chrome Bass Drum O",Drum O'S,drum,19900,excellent,US,2023-11-22T00:00:00Z,False,2026-06-01 02:51:24.912100
1337685_aug_490898,"Bass Drum O's 2"" Chrome Bass Drum O",Drum O'S,drum,22400,good,JP,2023-02-19T00:00:00Z,False,2026-06-01 02:51:24.912100
1337685_aug_531624,"Bass Drum O's 2"" Chrome Bass Drum O",Drum O'S,drum,23700,good,US,2023-12-04T00:00:00Z,False,2026-06-01 02:51:24.912100
1337685_aug_536523,"Bass Drum O's 2"" Chrome Bass Drum O",Drum O'S,drum,24500,fair,KR,2023-09-06T00:00:00Z,True,2026-06-01 02:51:24.912100
1337685_aug_539388,"Bass Drum O's 2"" Chrome Bass Drum O",Drum O'S,drum,23700,very-good,DE,2023-03-28T00:00:00Z,False,2026-06-01 02:51:24.912100
1337685_aug_542518,"Bass Drum O's 2"" Chrome Bass Drum O",Drum O'S,drum,21700,very-good,US,2023-01-24T00:00:00Z,False,2026-06-01 02:51:24.912100
1337685_aug_556968,"Bass Drum O's 2"" Chrome Bass Drum O",Drum O'S,drum,28800,excellent,JP,2023-11-03T00:00:00Z,True,2026-06-01 02:51:24.912100
1337685_aug_6200,"Bass Drum O's 2"" Chrome Bass Drum O",Drum O'S,drum,22700,excellent,KR,2023-11-16T00:00:00Z,False,2026-06-01 02:51:24.912100
1337685_aug_95661,"Bass Drum O's 2"" Chrome Bass Drum O",Drum O'S,drum,21200,excellent,US,2023-03-28T00:00:00Z,False,2026-06-01 02:51:24.912100
1337752_aug_15265,"Bass Drum O's 6"" Blue Bass Drum O",Drum O'S,drum,22500,mint,US,2023-08-19T00:00:00Z,False,2026-06-01 02:51:24.912100
1337752_aug_159711,"Bass Drum O's 6"" Blue Bass Drum O",Drum O'S,drum,19800,good,JP,2023-09-06T00:00:00Z,False,2026-06-01 02:51:24.912100
1337752_aug_247090,"Bass Drum O's 6"" Blue Bass Drum O",Drum O'S,drum,19100,good,KR,2023-12-04T00:00:00Z,False,2026-06-01 02:51:24.912100
1337752_aug_255844,"Bass Drum O's 6"" Blue Bass Drum O",Drum O'S,drum,17400,good,US,2023-11-21T00:00:00Z,False,2026-06-01 02:51:24.912100
1337752_aug_270178,"Bass Drum O's 6"" Blue Bass Drum O",Drum O'S,drum,21700,very-good,KR,2023-01-05T00:00:00Z,False,2026-06-01 02:51:24.912100
1337752_aug_276604,"Bass Drum O's 6"" Blue Bass Drum O",Drum O'S,drum,17900,good,DE,2023-11-04T00:00:00Z,False,2026-06-01 02:51:24.912100
1337752_aug_299418,"Bass Drum O's 6"" Blue Bass Drum O",Drum O'S,drum,19700,very-good,US,2023-05-28T00:00:00Z,False,2026-06-01 02:51:24.912100
1337752_aug_35204,"Bass Drum O's 6"" Blue Bass Drum O",Drum O'S,drum,20000,good,US,2023-06-13T00:00:00Z,False,2026-06-01 02:51:24.912100
1337752_aug_370643,"Bass Drum O's 6"" Blue Bass Drum O",Drum O'S,drum,19600,good,US,2023-04-29T00:00:00Z,False,2026-06-01 02:51:24.912100
1337752_aug_373629,"Bass Drum O's 6"" Blue Bass Drum O",Drum O'S,drum,20200,mint,US,2023-07-16T00:00:00Z,False,2026-06-01 02:51:24.912100
1337752_aug_384752,"Bass Drum O's 6"" Blue Bass Drum O",Drum O'S,drum,21300,excellent,JP,2023-05-24T00:00:00Z,False,2026-06-01 02:51:24.912100
1337752_aug_412880,"Bass Drum O's 6"" Blue Bass Drum O",Drum O'S,drum,20400,excellent,KR,2023-01-22T00:00:00Z,False,2026-06-01 02:51:24.912100
1337752_aug_420206,"Bass Drum O's 6"" Blue Bass Drum O",Drum O'S,drum,20700,fair,US,2023-08-02T00:00:00Z,False,2026-06-01 02:51:24.912100
1337752_aug_425966,"Bass Drum O's 6"" Blue Bass Drum O",Drum O'S,drum,18200,very-good,US,2023-09-08T00:00:00Z,False,2026-06-01 02:51:24.912100
1337752_aug_430079,"Bass Drum O's 6"" Blue Bass Drum O",Drum O'S,drum,19900,good,JP,2023-05-14T00:00:00Z,False,2026-06-01 02:51:24.912100
1337752_aug_481716,"Bass Drum O's 6"" Blue Bass Drum O",Drum O'S,drum,18200,very-good,US,2023-09-12T00:00:00Z,True,2026-06-01 02:51:24.912100
1337752_aug_498628,"Bass Drum O's 6"" Blue Bass Drum O",Drum O'S,drum,19300,excellent,US,2023-10-28T00:00:00Z,False,2026-06-01 02:51:24.912100
1337752_aug_499063,"Bass Drum O's 6"" Blue Bass Drum O",Drum O'S,drum,20300,very-good,US,2023-06-24T00:00:00Z,False,2026-06-01 02:51:24.912100
1337752_aug_533663,"Bass Drum O's 6"" Blue Bass Drum O",Drum O'S,drum,20500,excellent,US,2023-08-22T00:00:00Z,False,2026-06-01 02:51:24.912100
1337752_aug_545191,"Bass Drum O's 6"" Blue Bass Drum O",Drum O'S,drum,20300,excellent,DE,2023-01-09T00:00:00Z,False,2026-06-01 02:51:24.912100
1337752_aug_558390,"Bass Drum O's 6"" Blue Bass Drum O",Drum O'S,drum,20900,very-good,US,2023-10-20T00:00:00Z,True,2026-06-01 02:51:24.912100
1337752_aug_60578,"Bass Drum O's 6"" Blue Bass Drum O",Drum O'S,drum,20300,good,JP,2023-06-12T00:00:00Z,False,2026-06-01 02:51:24.912100
1337775_aug_11631,"Bass Drum O's 6"" Purple Bass Drum O",Drum O'S,drum,19100,very-good,CA,2023-12-20T00:00:00Z,False,2026-06-01 02:51:24.912100
1337775_aug_132297,"Bass Drum O's 6"" Purple Bass Drum O",Drum O'S,drum,19600,good,CA,2023-05-23T00:00:00Z,False,2026-06-01 02:51:24.912100
1337775_aug_1725,"Bass Drum O's 6"" Purple Bass Drum O",Drum O'S,drum,21300,excellent,AU,2023-01-31T00:00:00Z,False,2026-06-01 02:51:24.912100
1337775_aug_191874,"Bass Drum O's 6"" Purple Bass Drum O",Drum O'S,drum,20600,excellent,US,2023-09-20T00:00:00Z,True,2026-06-01 02:51:24.912100
1337775_aug_213216,"Bass Drum O's 6"" Purple Bass Drum O",Drum O'S,drum,20500,mint,GB,2023-01-04T00:00:00Z,False,2026-06-01 02:51:24.912100
1337775_aug_238684,"Bass Drum O's 6"" Purple Bass Drum O",Drum O'S,drum,19500,very-good,GB,2023-09-23T00:00:00Z,False,2026-06-01 02:51:24.912100
1337775_aug_263391,"Bass Drum O's 6"" Purple Bass Drum O",Drum O'S,drum,19800,very-good,US,2023-08-30T00:00:00Z,False,2026-06-01 02:51:24.912100
1337775_aug_264319,"Bass Drum O's 6"" Purple Bass Drum O",Drum O'S,drum,19200,excellent,US,2023-07-02T00:00:00Z,False,2026-06-01 02:51:24.912100
1337775_aug_271063,"Bass Drum O's 6"" Purple Bass Drum O",Drum O'S,drum,20800,good,JP,2023-09-19T00:00:00Z,True,2026-06-01 02:51:24.912100
1337775_aug_277958,"Bass Drum O's 6"" Purple Bass Drum O",Drum O'S,drum,20500,excellent,JP,2023-12-20T00:00:00Z,False,2026-06-01 02:51:24.912100
1337775_aug_282572,"Bass Drum O's 6"" Purple Bass Drum O",Drum O'S,drum,17500,excellent,US,2023-09-17T00:00:00Z,False,2026-06-01 02:51:24.912100
1337775_aug_296160,"Bass Drum O's 6"" Purple Bass Drum O",Drum O'S,drum,19400,mint,DE,2023-10-12T00:00:00Z,True,2026-06-01 02:51:24.912100
1337775_aug_305301,"Bass Drum O's 6"" Purple Bass Drum O",Drum O'S,drum,20100,very-good,AU,2023-05-17T00:00:00Z,False,2026-06-01 02:51:24.912100
1337775_aug_313567,"Bass Drum O's 6"" Purple Bass Drum O",Drum O'S,drum,23000,mint,US,2023-03-17T00:00:00Z,False,2026-06-01 02:51:24.912100
1337775_aug_350634,"Bass Drum O's 6"" Purple Bass Drum O",Drum O'S,drum,19100,very-good,KR,2023-08-16T00:00:00Z,False,2026-06-01 02:51:24.912100
1337775_aug_37980,"Bass Drum O's 6"" Purple Bass Drum O",Drum O'S,drum,19300,excellent,FR,2023-07-16T00:00:00Z,False,2026-06-01 02:51:24.912100
1337775_aug_444757,"Bass Drum O's 6"" Purple Bass Drum O",Drum O'S,drum,16900,excellent,US,2023-05-23T00:00:00Z,False,2026-06-01 02:51:24.912100
1337775_aug_478284,"Bass Drum O's 6"" Purple Bass Drum O",Drum O'S,drum,17100,excellent,US,2023-06-15T00:00:00Z,False,2026-06-01 02:51:24.912100
1337775_aug_552924,"Bass Drum O's 6"" Purple Bass Drum O",Drum O'S,drum,20500,very-good,US,2023-09-13T00:00:00Z,False,2026-06-01 02:51:24.912100
1337775_aug_559897,"Bass Drum O's 6"" Purple Bass Drum O",Drum O'S,drum,18900,very-good,KR,2023-03-09T00:00:00Z,False,2026-06-01 02:51:24.912100
1337775_aug_569404,"Bass Drum O's 6"" Purple Bass Drum O",Drum O'S,drum,17600,very-good,US,2023-05-31T00:00:00Z,False,2026-06-01 02:51:24.912100
1337775_aug_574622,"Bass Drum O's 6"" Purple Bass Drum O",Drum O'S,drum,18000,good,US,2023-07-10T00:00:00Z,False,2026-06-01 02:51:24.912100
1337775_aug_57673,"Bass Drum O's 6"" Purple Bass Drum O",Drum O'S,drum,16100,very-good,KR,2023-08-27T00:00:00Z,False,2026-06-01 02:51:24.912100
1337775_aug_578419,"Bass Drum O's 6"" Purple Bass Drum O",Drum O'S,drum,17800,good,JP,2023-10-05T00:00:00Z,False,2026-06-01 02:51:24.912100
1337775_aug_64037,"Bass Drum O's 6"" Purple Bass Drum O",Drum O'S,drum,21600,very-good,DE,2023-03-13T00:00:00Z,False,2026-06-01 02:51:24.912100
1337775_aug_66775,"Bass Drum O's 6"" Purple Bass Drum O",Drum O'S,drum,18400,excellent,US,2023-02-27T00:00:00Z,False,2026-06-01 02:51:24.912100
1337775_aug_71696,"Bass Drum O's 6"" Purple Bass Drum O",Drum O'S,drum,19100,very-good,US,2023-06-30T00:00:00Z,False,2026-06-01 02:51:24.912100
13835890_aug_170487,"Gator Cases GK Keyboard Series Slim 61 Note Keyboard Case - 41.5"" x 12.5"" x 5"" GK-61-SLIM",Gator,synthesizer,340600,excellent,US,2023-07-26T00:00:00Z,False,2026-06-01 02:51:24.912100
13835890_aug_177191,"Gator Cases GK Keyboard Series Slim 61 Note Keyboard Case - 41.5"" x 12.5"" x 5"" GK-61-SLIM",Gator,synthesizer,375100,excellent,FR,2023-12-29T00:00:00Z,False,2026-06-01 02:51:24.912100
13835890_aug_210235,"Gator Cases GK Keyboard Series Slim 61 Note Keyboard Case - 41.5"" x 12.5"" x 5"" GK-61-SLIM",Gator,synthesizer,367200,excellent,JP,2023-11-10T00:00:00Z,True,2026-06-01 02:51:24.912100
13835890_aug_252405,"Gator Cases GK Keyboard Series Slim 61 Note Keyboard Case - 41.5"" x 12.5"" x 5"" GK-61-SLIM",Gator,synthesizer,404000,excellent,US,2023-12-25T00:00:00Z,False,2026-06-01 02:51:24.912100
13835890_aug_27112,"Gator Cases GK Keyboard Series Slim 61 Note Keyboard Case - 41.5"" x 12.5"" x 5"" GK-61-SLIM",Gator,synthesizer,359600,very-good,KR,2023-02-25T00:00:00Z,False,2026-06-01 02:51:24.912100
13835890_aug_274800,"Gator Cases GK Keyboard Series Slim 61 Note Keyboard Case - 41.5"" x 12.5"" x 5"" GK-61-SLIM",Gator,synthesizer,319000,good,US,2023-10-30T00:00:00Z,False,2026-06-01 02:51:24.912100
13835890_aug_289135,"Gator Cases GK Keyboard Series Slim 61 Note Keyboard Case - 41.5"" x 12.5"" x 5"" GK-61-SLIM",Gator,synthesizer,371300,very-good,KR,2023-02-12T00:00:00Z,False,2026-06-01 02:51:24.912100
13835890_aug_31069,"Gator Cases GK Keyboard Series Slim 61 Note Keyboard Case - 41.5"" x 12.5"" x 5"" GK-61-SLIM",Gator,synthesizer,340400,very-good,AU,2023-05-25T00:00:00Z,False,2026-06-01 02:51:24.912100
13835890_aug_314601,"Gator Cases GK Keyboard Series Slim 61 Note Keyboard Case - 41.5"" x 12.5"" x 5"" GK-61-SLIM",Gator,synthesizer,381400,excellent,US,2023-06-14T00:00:00Z,False,2026-06-01 02:51:24.912100
13835890_aug_354401,"Gator Cases GK Keyboard Series Slim 61 Note Keyboard Case - 41.5"" x 12.5"" x 5"" GK-61-SLIM",Gator,synthesizer,436900,good,US,2023-03-11T00:00:00Z,True,2026-06-01 02:51:24.912100
13835890_aug_371799,"Gator Cases GK Keyboard Series Slim 61 Note Keyboard Case - 41.5"" x 12.5"" x 5"" GK-61-SLIM",Gator,synthesizer,404700,excellent,KR,2023-06-12T00:00:00Z,False,2026-06-01 02:51:24.912100
13835890_aug_37492,"Gator Cases GK Keyboard Series Slim 61 Note Keyboard Case - 41.5"" x 12.5"" x 5"" GK-61-SLIM",Gator,synthesizer,436300,fair,KR,2023-09-29T00:00:00Z,False,2026-06-01 02:51:24.912100
13835890_aug_376162,"Gator Cases GK Keyboard Series Slim 61 Note Keyboard Case - 41.5"" x 12.5"" x 5"" GK-61-SLIM",Gator,synthesizer,430700,fair,US,2023-01-29T00:00:00Z,False,2026-06-01 02:51:24.912100
13835890_aug_430982,"Gator Cases GK Keyboard Series Slim 61 Note Keyboard Case - 41.5"" x 12.5"" x 5"" GK-61-SLIM",Gator,synthesizer,441600,excellent,US,2023-03-11T00:00:00Z,False,2026-06-01 02:51:24.912100
13835890_aug_440191,"Gator Cases GK Keyboard Series Slim 61 Note Keyboard Case - 41.5"" x 12.5"" x 5"" GK-61-SLIM",Gator,synthesizer,347000,excellent,US,2023-05-14T00:00:00Z,False,2026-06-01 02:51:24.912100
13835890_aug_451595,"Gator Cases GK Keyboard Series Slim 61 Note Keyboard Case - 41.5"" x 12.5"" x 5"" GK-61-SLIM",Gator,synthesizer,375600,very-good,JP,2023-05-05T00:00:00Z,False,2026-06-01 02:51:24.912100
13835890_aug_462707,"Gator Cases GK Keyboard Series Slim 61 Note Keyboard Case - 41.5"" x 12.5"" x 5"" GK-61-SLIM",Gator,synthesizer,321200,excellent,KR,2023-02-07T00:00:00Z,False,2026-06-01 02:51:24.912100
13835890_aug_469784,"Gator Cases GK Keyboard Series Slim 61 Note Keyboard Case - 41.5"" x 12.5"" x 5"" GK-61-SLIM",Gator,synthesizer,370000,very-good,US,2023-10-31T00:00:00Z,False,2026-06-01 02:51:24.912100
13835890_aug_506302,"Gator Cases GK Keyboard Series Slim 61 Note Keyboard Case - 41.5"" x 12.5"" x 5"" GK-61-SLIM",Gator,synthesizer,379000,excellent,AU,2023-11-07T00:00:00Z,True,2026-06-01 02:51:24.912100
13835890_aug_512191,"Gator Cases GK Keyboard Series Slim 61 Note Keyboard Case - 41.5"" x 12.5"" x 5"" GK-61-SLIM",Gator,synthesizer,371500,good,KR,2023-05-20T00:00:00Z,False,2026-06-01 02:51:24.912100
13835890_aug_515757,"Gator Cases GK Keyboard Series Slim 61 Note Keyboard Case - 41.5"" x 12.5"" x 5"" GK-61-SLIM",Gator,synthesizer,350100,fair,DE,2023-04-04T00:00:00Z,False,2026-06-01 02:51:24.912100
13835890_aug_516320,"Gator Cases GK Keyboard Series Slim 61 Note Keyboard Case - 41.5"" x 12.5"" x 5"" GK-61-SLIM",Gator,synthesizer,358100,good,US,2023-06-28T00:00:00Z,False,2026-06-01 02:51:24.912100
13835890_aug_516764,"Gator Cases GK Keyboard Series Slim 61 Note Keyboard Case - 41.5"" x 12.5"" x 5"" GK-61-SLIM",Gator,synthesizer,356300,very-good,US,2023-06-05T00:00:00Z,False,2026-06-01 02:51:24.912100
13835890_aug_529013,"Gator Cases GK Keyboard Series Slim 61 Note Keyboard Case - 41.5"" x 12.5"" x 5"" GK-61-SLIM",Gator,synthesizer,374300,very-good,US,2023-03-13T00:00:00Z,False,2026-06-01 02:51:24.912100
13835890_aug_568831,"Gator Cases GK Keyboard Series Slim 61 Note Keyboard Case - 41.5"" x 12.5"" x 5"" GK-61-SLIM",Gator,synthesizer,402000,excellent,US,2023-08-09T00:00:00Z,False,2026-06-01 02:51:24.912100
13835890_aug_80883,"Gator Cases GK Keyboard Series Slim 61 Note Keyboard Case - 41.5"" x 12.5"" x 5"" GK-61-SLIM",Gator,synthesizer,336000,very-good,KR,2023-05-03T00:00:00Z,False,2026-06-01 02:51:24.912100
13835985_aug_100174,"Gator Cases GK Keyboard Series Slim 76 Note Keyboard Case - 41.5"" x 12.5"" x 5"" GK-76-SLIM",Gator,synthesizer,413400,mint,KR,2023-12-18T00:00:00Z,False,2026-06-01 02:51:24.912100
13835985_aug_102173,"Gator Cases GK Keyboard Series Slim 76 Note Keyboard Case - 41.5"" x 12.5"" x 5"" GK-76-SLIM",Gator,synthesizer,409600,very-good,KR,2023-02-13T00:00:00Z,False,2026-06-01 02:51:24.912100
13835985_aug_123719,"Gator Cases GK Keyboard Series Slim 76 Note Keyboard Case - 41.5"" x 12.5"" x 5"" GK-76-SLIM",Gator,synthesizer,398300,excellent,US,2023-09-22T00:00:00Z,False,2026-06-01 02:51:24.912100
13835985_aug_127105,"Gator Cases GK Keyboard Series Slim 76 Note Keyboard Case - 41.5"" x 12.5"" x 5"" GK-76-SLIM",Gator,synthesizer,402500,good,US,2023-12-12T00:00:00Z,False,2026-06-01 02:51:24.912100
13835985_aug_132828,"Gator Cases GK Keyboard Series Slim 76 Note Keyboard Case - 41.5"" x 12.5"" x 5"" GK-76-SLIM",Gator,synthesizer,413700,good,US,2023-10-17T00:00:00Z,True,2026-06-01 02:51:24.912100
13835985_aug_140218,"Gator Cases GK Keyboard Series Slim 76 Note Keyboard Case - 41.5"" x 12.5"" x 5"" GK-76-SLIM",Gator,synthesizer,346000,good,DE,2023-02-27T00:00:00Z,False,2026-06-01 02:51:24.912100
13835985_aug_173014,"Gator Cases GK Keyboard Series Slim 76 Note Keyboard Case - 41.5"" x 12.5"" x 5"" GK-76-SLIM",Gator,synthesizer,368600,very-good,KR,2023-11-24T00:00:00Z,True,2026-06-01 02:51:24.912100
13835985_aug_189117,"Gator Cases GK Keyboard Series Slim 76 Note Keyboard Case - 41.5"" x 12.5"" x 5"" GK-76-SLIM",Gator,synthesizer,392100,very-good,KR,2023-05-17T00:00:00Z,False,2026-06-01 02:51:24.912100
13835985_aug_200196,"Gator Cases GK Keyboard Series Slim 76 Note Keyboard Case - 41.5"" x 12.5"" x 5"" GK-76-SLIM",Gator,synthesizer,375000,fair,DE,2023-07-19T00:00:00Z,False,2026-06-01 02:51:24.912100
13835985_aug_200387,"Gator Cases GK Keyboard Series Slim 76 Note Keyboard Case - 41.5"" x 12.5"" x 5"" GK-76-SLIM",Gator,synthesizer,366700,excellent,AU,2023-08-20T00:00:00Z,False,2026-06-01 02:51:24.912100
13835985_aug_234925,"Gator Cases GK Keyboard Series Slim 76 Note Keyboard Case - 41.5"" x 12.5"" x 5"" GK-76-SLIM",Gator,synthesizer,468200,excellent,KR,2023-12-22T00:00:00Z,True,2026-06-01 02:51:24.912100
13835985_aug_249809,"Gator Cases GK Keyboard Series Slim 76 Note Keyboard Case - 41.5"" x 12.5"" x 5"" GK-76-SLIM",Gator,synthesizer,357300,very-good,US,2023-11-11T00:00:00Z,False,2026-06-01 02:51:24.912100
13835985_aug_258490,"Gator Cases GK Keyboard Series Slim 76 Note Keyboard Case - 41.5"" x 12.5"" x 5"" GK-76-SLIM",Gator,synthesizer,404700,good,AU,2023-01-16T00:00:00Z,False,2026-06-01 02:51:24.912100
13835985_aug_280774,"Gator Cases GK Keyboard Series Slim 76 Note Keyboard Case - 41.5"" x 12.5"" x 5"" GK-76-SLIM",Gator,synthesizer,362000,very-good,KR,2023-06-08T00:00:00Z,False,2026-06-01 02:51:24.912100
13835985_aug_28545,"Gator Cases GK Keyboard Series Slim 76 Note Keyboard Case - 41.5"" x 12.5"" x 5"" GK-76-SLIM",Gator,synthesizer,389000,very-good,JP,2023-08-13T00:00:00Z,False,2026-06-01 02:51:24.912100
13835985_aug_293590,"Gator Cases GK Keyboard Series Slim 76 Note Keyboard Case - 41.5"" x 12.5"" x 5"" GK-76-SLIM",Gator,synthesizer,403000,fair,US,2023-08-29T00:00:00Z,False,2026-06-01 02:51:24.912100
13835985_aug_329819,"Gator Cases GK Keyboard Series Slim 76 Note Keyboard Case - 41.5"" x 12.5"" x 5"" GK-76-SLIM",Gator,synthesizer,441000,excellent,US,2023-07-29T00:00:00Z,False,2026-06-01 02:51:24.912100
13835985_aug_334233,"Gator Cases GK Keyboard Series Slim 76 Note Keyboard Case - 41.5"" x 12.5"" x 5"" GK-76-SLIM",Gator,synthesizer,382700,very-good,GB,2023-09-22T00:00:00Z,False,2026-06-01 02:51:24.912100
13835985_aug_344564,"Gator Cases GK Keyboard Series Slim 76 Note Keyboard Case - 41.5"" x 12.5"" x 5"" GK-76-SLIM",Gator,synthesizer,463800,good,KR,2023-12-24T00:00:00Z,False,2026-06-01 02:51:24.912100
13835985_aug_353450,"Gator Cases GK Keyboard Series Slim 76 Note Keyboard Case - 41.5"" x 12.5"" x 5"" GK-76-SLIM",Gator,synthesizer,423300,good,KR,2023-08-24T00:00:00Z,False,2026-06-01 02:51:24.912100
13835985_aug_361599,"Gator Cases GK Keyboard Series Slim 76 Note Keyboard Case - 41.5"" x 12.5"" x 5"" GK-76-SLIM",Gator,synthesizer,421600,very-good,US,2023-03-04T00:00:00Z,False,2026-06-01 02:51:24.912100
13835985_aug_378028,"Gator Cases GK Keyboard Series Slim 76 Note Keyboard Case - 41.5"" x 12.5"" x 5"" GK-76-SLIM",Gator,synthesizer,384600,very-good,US,2023-06-18T00:00:00Z,False,2026-06-01 02:51:24.912100
13835985_aug_38509,"Gator Cases GK Keyboard Series Slim 76 Note Keyboard Case - 41.5"" x 12.5"" x 5"" GK-76-SLIM",Gator,synthesizer,387400,good,US,2023-08-05T00:00:00Z,False,2026-06-01 02:51:24.912100
13835985_aug_41127,"Gator Cases GK Keyboard Series Slim 76 Note Keyboard Case - 41.5"" x 12.5"" x 5"" GK-76-SLIM",Gator,synthesizer,426400,mint,US,2023-03-09T00:00:00Z,False,2026-06-01 02:51:24.912100
13835985_aug_434585,"Gator Cases GK Keyboard Series Slim 76 Note Keyboard Case - 41.5"" x 12.5"" x 5"" GK-76-SLIM",Gator,synthesizer,380000,good,KR,2023-07-19T00:00:00Z,False,2026-06-01 02:51:24.912100
13835985_aug_5350,"Gator Cases GK Keyboard Series Slim 76 Note Keyboard Case - 41.5"" x 12.5"" x 5"" GK-76-SLIM",Gator,synthesizer,418600,very-good,US,2023-08-23T00:00:00Z,False,2026-06-01 02:51:24.912100
13835985_aug_568199,"Gator Cases GK Keyboard Series Slim 76 Note Keyboard Case - 41.5"" x 12.5"" x 5"" GK-76-SLIM",Gator,synthesizer,373900,excellent,US,2023-11-20T00:00:00Z,True,2026-06-01 02:51:24.912100
13835985_aug_581109,"Gator Cases GK Keyboard Series Slim 76 Note Keyboard Case - 41.5"" x 12.5"" x 5"" GK-76-SLIM",Gator,synthesizer,402700,very-good,JP,2023-02-17T00:00:00Z,False,2026-06-01 02:51:24.912100
13835985_aug_590989,"Gator Cases GK Keyboard Series Slim 76 Note Keyboard Case - 41.5"" x 12.5"" x 5"" GK-76-SLIM",Gator,synthesizer,459000,mint,KR,2023-02-07T00:00:00Z,False,2026-06-01 02:51:24.912100
13835985_aug_71292,"Gator Cases GK Keyboard Series Slim 76 Note Keyboard Case - 41.5"" x 12.5"" x 5"" GK-76-SLIM",Gator,synthesizer,460900,excellent,US,2023-04-27T00:00:00Z,False,2026-06-01 02:51:24.912100
13835985_aug_84501,"Gator Cases GK Keyboard Series Slim 76 Note Keyboard Case - 41.5"" x 12.5"" x 5"" GK-76-SLIM",Gator,synthesizer,427400,excellent,DE,2023-10-20T00:00:00Z,False,2026-06-01 02:51:24.912100
13835985_aug_86492,"Gator Cases GK Keyboard Series Slim 76 Note Keyboard Case - 41.5"" x 12.5"" x 5"" GK-76-SLIM",Gator,synthesizer,380800,good,US,2023-02-03T00:00:00Z,False,2026-06-01 02:51:24.912100
13971173_aug_154176,MXR M300 Reverb Pedal New!,MXR,effector,271200,excellent,FR,2023-10-13T00:00:00Z,True,2026-06-01 02:51:24.912100
13971173_aug_34695,MXR M300 Reverb Pedal New!,MXR,effector,341700,very-good,US,2023-11-03T00:00:00Z,False,2026-06-01 02:51:24.912100
13971173_aug_538099,MXR M300 Reverb Pedal New!,MXR,effector,327400,good,US,2023-12-07T00:00:00Z,False,2026-06-01 02:51:24.912100
13971173_aug_79980,MXR M300 Reverb Pedal New!,MXR,effector,318400,mint,KR,2023-06-21T00:00:00Z,True,2026-06-01 02:51:24.912100
13979931_aug_142342,MXR M85 Bass Distortion Pedal New!,MXR,effector,233700,very-good,FR,2023-03-20T00:00:00Z,False,2026-06-01 02:51:24.912100
13979931_aug_14982,MXR M85 Bass Distortion Pedal New!,MXR,effector,198300,excellent,JP,2023-10-14T00:00:00Z,False,2026-06-01 02:51:24.912100
13979931_aug_157165,MXR M85 Bass Distortion Pedal New!,MXR,effector,214300,good,US,2023-05-26T00:00:00Z,False,2026-06-01 02:51:24.912100
13979931_aug_253625,MXR M85 Bass Distortion Pedal New!,MXR,effector,197400,good,KR,2023-07-05T00:00:00Z,False,2026-06-01 02:51:24.912100
13979931_aug_258666,MXR M85 Bass Distortion Pedal New!,MXR,effector,249400,very-good,US,2023-06-21T00:00:00Z,False,2026-06-01 02:51:24.912100
13979931_aug_278708,MXR M85 Bass Distortion Pedal New!,MXR,effector,214800,mint,US,2023-06-30T00:00:00Z,False,2026-06-01 02:51:24.912100
13979931_aug_308633,MXR M85 Bass Distortion Pedal New!,MXR,effector,225800,good,US,2023-06-05T00:00:00Z,False,2026-06-01 02:51:24.912100
13979931_aug_327060,MXR M85 Bass Distortion Pedal New!,MXR,effector,207100,excellent,US,2023-03-30T00:00:00Z,False,2026-06-01 02:51:24.912100
13979931_aug_329502,MXR M85 Bass Distortion Pedal New!,MXR,effector,198000,very-good,GB,2023-11-24T00:00:00Z,False,2026-06-01 02:51:24.912100
13979931_aug_369937,MXR M85 Bass Distortion Pedal New!,MXR,effector,214700,mint,KR,2023-05-08T00:00:00Z,False,2026-06-01 02:51:24.912100
13979931_aug_381745,MXR M85 Bass Distortion Pedal New!,MXR,effector,208000,mint,US,2023-06-02T00:00:00Z,False,2026-06-01 02:51:24.912100
13979931_aug_384648,MXR M85 Bass Distortion Pedal New!,MXR,effector,214300,mint,US,2023-07-23T00:00:00Z,False,2026-06-01 02:51:24.912100
13979931_aug_419839,MXR M85 Bass Distortion Pedal New!,MXR,effector,242700,good,JP,2023-09-05T00:00:00Z,False,2026-06-01 02:51:24.912100
13979931_aug_425316,MXR M85 Bass Distortion Pedal New!,MXR,effector,254600,excellent,KR,2023-11-16T00:00:00Z,False,2026-06-01 02:51:24.912100
13979931_aug_436429,MXR M85 Bass Distortion Pedal New!,MXR,effector,234700,fair,US,2023-04-14T00:00:00Z,True,2026-06-01 02:51:24.912100
13979931_aug_515285,MXR M85 Bass Distortion Pedal New!,MXR,effector,240800,good,DE,2023-01-03T00:00:00Z,False,2026-06-01 02:51:24.912100
13979931_aug_564993,MXR M85 Bass Distortion Pedal New!,MXR,effector,195800,excellent,DE,2023-04-25T00:00:00Z,False,2026-06-01 02:51:24.912100
13979931_aug_585805,MXR M85 Bass Distortion Pedal New!,MXR,effector,211500,very-good,US,2023-05-20T00:00:00Z,False,2026-06-01 02:51:24.912100
13979931_aug_598502,MXR M85 Bass Distortion Pedal New!,MXR,effector,246800,good,US,2023-10-03T00:00:00Z,False,2026-06-01 02:51:24.912100
13979931_aug_97785,MXR M85 Bass Distortion Pedal New!,MXR,effector,183800,excellent,US,2023-10-30T00:00:00Z,False,2026-06-01 02:51:24.912100
15121138_aug_107539,Meris Mercury7 Reverb Pedal,Meris,effector,449600,excellent,US,2023-06-20T00:00:00Z,True,2026-06-01 02:51:24.912100
15121138_aug_111417,Meris Mercury7 Reverb Pedal,Meris,effector,418000,excellent,AU,2023-02-10T00:00:00Z,False,2026-06-01 02:51:24.912100
15121138_aug_128455,Meris Mercury7 Reverb Pedal,Meris,effector,346700,very-good,US,2023-11-10T00:00:00Z,False,2026-06-01 02:51:24.912100
15121138_aug_161103,Meris Mercury7 Reverb Pedal,Meris,effector,395200,excellent,US,2023-06-01T00:00:00Z,False,2026-06-01 02:51:24.912100
15121138_aug_190135,Meris Mercury7 Reverb Pedal,Meris,effector,458200,excellent,KR,2023-10-10T00:00:00Z,False,2026-06-01 02:51:24.912100
15121138_aug_275137,Meris Mercury7 Reverb Pedal,Meris,effector,398600,excellent,KR,2023-02-07T00:00:00Z,False,2026-06-01 02:51:24.912100
15121138_aug_305856,Meris Mercury7 Reverb Pedal,Meris,effector,461700,very-good,US,2023-01-03T00:00:00Z,False,2026-06-01 02:51:24.912100
15121138_aug_31994,Meris Mercury7 Reverb Pedal,Meris,effector,373300,very-good,JP,2023-04-30T00:00:00Z,False,2026-06-01 02:51:24.912100
15121138_aug_336707,Meris Mercury7 Reverb Pedal,Meris,effector,495000,very-good,US,2023-06-12T00:00:00Z,False,2026-06-01 02:51:24.912100
15121138_aug_376450,Meris Mercury7 Reverb Pedal,Meris,effector,408700,very-good,JP,2023-05-31T00:00:00Z,False,2026-06-01 02:51:24.912100
15121138_aug_379527,Meris Mercury7 Reverb Pedal,Meris,effector,402700,fair,US,2023-01-12T00:00:00Z,False,2026-06-01 02:51:24.912100
15121138_aug_407739,Meris Mercury7 Reverb Pedal,Meris,effector,386600,very-good,US,2023-02-24T00:00:00Z,False,2026-06-01 02:51:24.912100
15121138_aug_421876,Meris Mercury7 Reverb Pedal,Meris,effector,415000,mint,US,2023-05-18T00:00:00Z,False,2026-06-01 02:51:24.912100
15121138_aug_455083,Meris Mercury7 Reverb Pedal,Meris,effector,413700,very-good,AU,2023-05-27T00:00:00Z,False,2026-06-01 02:51:24.912100
15121138_aug_504178,Meris Mercury7 Reverb Pedal,Meris,effector,435200,good,KR,2023-03-20T00:00:00Z,True,2026-06-01 02:51:24.912100
15121138_aug_505202,Meris Mercury7 Reverb Pedal,Meris,effector,421700,fair,KR,2023-07-02T00:00:00Z,False,2026-06-01 02:51:24.912100
15121138_aug_542337,Meris Mercury7 Reverb Pedal,Meris,effector,407600,very-good,KR,2023-07-11T00:00:00Z,False,2026-06-01 02:51:24.912100
15121138_aug_54640,Meris Mercury7 Reverb Pedal,Meris,effector,430600,good,US,2023-03-28T00:00:00Z,False,2026-06-01 02:51:24.912100
15121138_aug_551035,Meris Mercury7 Reverb Pedal,Meris,effector,425600,very-good,JP,2023-04-22T00:00:00Z,False,2026-06-01 02:51:24.912100
15121138_aug_576839,Meris Mercury7 Reverb Pedal,Meris,effector,358000,very-good,AU,2023-07-08T00:00:00Z,True,2026-06-01 02:51:24.912100
15121138_aug_588043,Meris Mercury7 Reverb Pedal,Meris,effector,420000,mint,US,2023-09-10T00:00:00Z,False,2026-06-01 02:51:24.912100
15121138_aug_71928,Meris Mercury7 Reverb Pedal,Meris,effector,399800,fair,GB,2023-09-11T00:00:00Z,False,2026-06-01 02:51:24.912100
15121138_aug_73606,Meris Mercury7 Reverb Pedal,Meris,effector,423100,good,US,2023-07-27T00:00:00Z,False,2026-06-01 02:51:24.912100
15121138_aug_73790,Meris Mercury7 Reverb Pedal,Meris,effector,390200,good,JP,2023-11-11T00:00:00Z,False,2026-06-01 02:51:24.912100
15121138_aug_83750,Meris Mercury7 Reverb Pedal,Meris,effector,364200,excellent,US,2023-01-31T00:00:00Z,False,2026-06-01 02:51:24.912100
15234997_aug_106960,Zlob Modular Minimix 3 Channel Mixer,Zlob Modular,mixer-interface,107100,good,US,2023-06-10T00:00:00Z,False,2026-06-01 02:51:24.912100
15234997_aug_120863,Zlob Modular Minimix 3 Channel Mixer,Zlob Modular,mixer-interface,106200,very-good,US,2023-08-21T00:00:00Z,False,2026-06-01 02:51:24.912100
15234997_aug_130893,Zlob Modular Minimix 3 Channel Mixer,Zlob Modular,mixer-interface,102500,good,KR,2023-07-12T00:00:00Z,False,2026-06-01 02:51:24.912100
15234997_aug_16919,Zlob Modular Minimix 3 Channel Mixer,Zlob Modular,mixer-interface,107600,good,US,2023-11-14T00:00:00Z,False,2026-06-01 02:51:24.912100
15234997_aug_192305,Zlob Modular Minimix 3 Channel Mixer,Zlob Modular,mixer-interface,108400,fair,DE,2023-07-12T00:00:00Z,False,2026-06-01 02:51:24.912100
15234997_aug_210198,Zlob Modular Minimix 3 Channel Mixer,Zlob Modular,mixer-interface,101900,very-good,CA,2023-06-04T00:00:00Z,True,2026-06-01 02:51:24.912100
15234997_aug_267850,Zlob Modular Minimix 3 Channel Mixer,Zlob Modular,mixer-interface,116300,very-good,KR,2023-12-28T00:00:00Z,False,2026-06-01 02:51:24.912100
15234997_aug_299251,Zlob Modular Minimix 3 Channel Mixer,Zlob Modular,mixer-interface,105300,good,US,2023-11-27T00:00:00Z,False,2026-06-01 02:51:24.912100
15234997_aug_312815,Zlob Modular Minimix 3 Channel Mixer,Zlob Modular,mixer-interface,106000,excellent,JP,2023-04-21T00:00:00Z,False,2026-06-01 02:51:24.912100
15234997_aug_333474,Zlob Modular Minimix 3 Channel Mixer,Zlob Modular,mixer-interface,97300,excellent,KR,2023-12-19T00:00:00Z,False,2026-06-01 02:51:24.912100
15234997_aug_37255,Zlob Modular Minimix 3 Channel Mixer,Zlob Modular,mixer-interface,106000,mint,GB,2023-03-05T00:00:00Z,False,2026-06-01 02:51:24.912100
15234997_aug_375044,Zlob Modular Minimix 3 Channel Mixer,Zlob Modular,mixer-interface,105700,excellent,JP,2023-08-12T00:00:00Z,False,2026-06-01 02:51:24.912100
15234997_aug_402246,Zlob Modular Minimix 3 Channel Mixer,Zlob Modular,mixer-interface,111300,very-good,US,2023-04-03T00:00:00Z,False,2026-06-01 02:51:24.912100
15234997_aug_405459,Zlob Modular Minimix 3 Channel Mixer,Zlob Modular,mixer-interface,105600,good,US,2023-12-22T00:00:00Z,False,2026-06-01 02:51:24.912100
15234997_aug_40671,Zlob Modular Minimix 3 Channel Mixer,Zlob Modular,mixer-interface,115700,very-good,DE,2023-04-03T00:00:00Z,False,2026-06-01 02:51:24.912100
15234997_aug_414709,Zlob Modular Minimix 3 Channel Mixer,Zlob Modular,mixer-interface,110400,excellent,US,2023-08-14T00:00:00Z,False,2026-06-01 02:51:24.912100
15234997_aug_438915,Zlob Modular Minimix 3 Channel Mixer,Zlob Modular,mixer-interface,91800,very-good,KR,2023-07-24T00:00:00Z,True,2026-06-01 02:51:24.912100
15234997_aug_44310,Zlob Modular Minimix 3 Channel Mixer,Zlob Modular,mixer-interface,93800,mint,US,2023-04-25T00:00:00Z,False,2026-06-01 02:51:24.912100
15234997_aug_444051,Zlob Modular Minimix 3 Channel Mixer,Zlob Modular,mixer-interface,101100,good,KR,2023-04-25T00:00:00Z,False,2026-06-01 02:51:24.912100
15234997_aug_446290,Zlob Modular Minimix 3 Channel Mixer,Zlob Modular,mixer-interface,100100,very-good,JP,2023-07-20T00:00:00Z,False,2026-06-01 02:51:24.912100
15234997_aug_447180,Zlob Modular Minimix 3 Channel Mixer,Zlob Modular,mixer-interface,104400,very-good,JP,2023-06-01T00:00:00Z,True,2026-06-01 02:51:24.912100
15234997_aug_474340,Zlob Modular Minimix 3 Channel Mixer,Zlob Modular,mixer-interface,98200,very-good,US,2023-12-11T00:00:00Z,False,2026-06-01 02:51:24.912100
15234997_aug_493904,Zlob Modular Minimix 3 Channel Mixer,Zlob Modular,mixer-interface,108200,excellent,KR,2023-11-17T00:00:00Z,False,2026-06-01 02:51:24.912100
15234997_aug_533195,Zlob Modular Minimix 3 Channel Mixer,Zlob Modular,mixer-interface,91300,very-good,KR,2023-06-27T00:00:00Z,False,2026-06-01 02:51:24.912100
15234997_aug_547196,Zlob Modular Minimix 3 Channel Mixer,Zlob Modular,mixer-interface,124100,very-good,KR,2023-05-25T00:00:00Z,False,2026-06-01 02:51:24.912100
15234997_aug_576542,Zlob Modular Minimix 3 Channel Mixer,Zlob Modular,mixer-interface,105500,very-good,JP,2023-07-13T00:00:00Z,False,2026-06-01 02:51:24.912100
15234997_aug_579677,Zlob Modular Minimix 3 Channel Mixer,Zlob Modular,mixer-interface,108700,very-good,JP,2023-03-28T00:00:00Z,False,2026-06-01 02:51:24.912100
15234997_aug_585372,Zlob Modular Minimix 3 Channel Mixer,Zlob Modular,mixer-interface,100100,excellent,GB,2023-05-29T00:00:00Z,False,2026-06-01 02:51:24.912100
15234997_aug_67210,Zlob Modular Minimix 3 Channel Mixer,Zlob Modular,mixer-interface,104400,fair,DE,2023-02-02T00:00:00Z,False,2026-06-01 02:51:24.912100
15234997_aug_80450,Zlob Modular Minimix 3 Channel Mixer,Zlob Modular,mixer-interface,96900,very-good,KR,2023-09-11T00:00:00Z,False,2026-06-01 02:51:24.912100
15419255_aug_124537,"Acoustic Guitar Stand Mahogany and Maple, Classical Guitar, Boutique Wood Guitar Stand",Blackwell Woodworks,acoustic-guitar,270800,good,US,2023-02-05T00:00:00Z,True,2026-06-01 02:51:24.912100
15419255_aug_185292,"Acoustic Guitar Stand Mahogany and Maple, Classical Guitar, Boutique Wood Guitar Stand",Blackwell Woodworks,acoustic-guitar,276900,good,US,2023-04-26T00:00:00Z,False,2026-06-01 02:51:24.912100
15419255_aug_193191,"Acoustic Guitar Stand Mahogany and Maple, Classical Guitar, Boutique Wood Guitar Stand",Blackwell Woodworks,acoustic-guitar,284800,excellent,JP,2023-02-14T00:00:00Z,False,2026-06-01 02:51:24.912100
15419255_aug_237043,"Acoustic Guitar Stand Mahogany and Maple, Classical Guitar, Boutique Wood Guitar Stand",Blackwell Woodworks,acoustic-guitar,289100,mint,US,2023-12-18T00:00:00Z,True,2026-06-01 02:51:24.912100
15419255_aug_254698,"Acoustic Guitar Stand Mahogany and Maple, Classical Guitar, Boutique Wood Guitar Stand",Blackwell Woodworks,acoustic-guitar,262100,good,GB,2023-12-13T00:00:00Z,True,2026-06-01 02:51:24.912100
15419255_aug_279345,"Acoustic Guitar Stand Mahogany and Maple, Classical Guitar, Boutique Wood Guitar Stand",Blackwell Woodworks,acoustic-guitar,262700,excellent,KR,2023-06-11T00:00:00Z,False,2026-06-01 02:51:24.912100
15419255_aug_302420,"Acoustic Guitar Stand Mahogany and Maple, Classical Guitar, Boutique Wood Guitar Stand",Blackwell Woodworks,acoustic-guitar,261400,good,KR,2023-04-25T00:00:00Z,False,2026-06-01 02:51:24.912100
15419255_aug_31564,"Acoustic Guitar Stand Mahogany and Maple, Classical Guitar, Boutique Wood Guitar Stand",Blackwell Woodworks,acoustic-guitar,279800,very-good,CA,2023-06-25T00:00:00Z,False,2026-06-01 02:51:24.912100
15419255_aug_340278,"Acoustic Guitar Stand Mahogany and Maple, Classical Guitar, Boutique Wood Guitar Stand",Blackwell Woodworks,acoustic-guitar,288800,excellent,KR,2023-06-16T00:00:00Z,False,2026-06-01 02:51:24.912100
15419255_aug_341760,"Acoustic Guitar Stand Mahogany and Maple, Classical Guitar, Boutique Wood Guitar Stand",Blackwell Woodworks,acoustic-guitar,299800,good,KR,2023-12-28T00:00:00Z,False,2026-06-01 02:51:24.912100
15419255_aug_373265,"Acoustic Guitar Stand Mahogany and Maple, Classical Guitar, Boutique Wood Guitar Stand",Blackwell Woodworks,acoustic-guitar,280900,very-good,AU,2023-12-06T00:00:00Z,False,2026-06-01 02:51:24.912100
15419255_aug_384275,"Acoustic Guitar Stand Mahogany and Maple, Classical Guitar, Boutique Wood Guitar Stand",Blackwell Woodworks,acoustic-guitar,280100,good,CA,2023-05-02T00:00:00Z,False,2026-06-01 02:51:24.912100
15419255_aug_390704,"Acoustic Guitar Stand Mahogany and Maple, Classical Guitar, Boutique Wood Guitar Stand",Blackwell Woodworks,acoustic-guitar,270800,excellent,GB,2023-09-13T00:00:00Z,False,2026-06-01 02:51:24.912100
15419255_aug_40463,"Acoustic Guitar Stand Mahogany and Maple, Classical Guitar, Boutique Wood Guitar Stand",Blackwell Woodworks,acoustic-guitar,293800,very-good,US,2023-07-19T00:00:00Z,False,2026-06-01 02:51:24.912100
15419255_aug_420684,"Acoustic Guitar Stand Mahogany and Maple, Classical Guitar, Boutique Wood Guitar Stand",Blackwell Woodworks,acoustic-guitar,206800,very-good,US,2023-07-09T00:00:00Z,False,2026-06-01 02:51:24.912100
15419255_aug_440752,"Acoustic Guitar Stand Mahogany and Maple, Classical Guitar, Boutique Wood Guitar Stand",Blackwell Woodworks,acoustic-guitar,274400,very-good,US,2023-02-09T00:00:00Z,False,2026-06-01 02:51:24.912100
15419255_aug_453691,"Acoustic Guitar Stand Mahogany and Maple, Classical Guitar, Boutique Wood Guitar Stand",Blackwell Woodworks,acoustic-guitar,290500,good,US,2023-11-19T00:00:00Z,False,2026-06-01 02:51:24.912100
15419255_aug_478203,"Acoustic Guitar Stand Mahogany and Maple, Classical Guitar, Boutique Wood Guitar Stand",Blackwell Woodworks,acoustic-guitar,284400,very-good,US,2023-03-14T00:00:00Z,False,2026-06-01 02:51:24.912100
15419255_aug_480732,"Acoustic Guitar Stand Mahogany and Maple, Classical Guitar, Boutique Wood Guitar Stand",Blackwell Woodworks,acoustic-guitar,304200,good,US,2023-07-02T00:00:00Z,False,2026-06-01 02:51:24.912100
15419255_aug_510519,"Acoustic Guitar Stand Mahogany and Maple, Classical Guitar, Boutique Wood Guitar Stand",Blackwell Woodworks,acoustic-guitar,280200,very-good,US,2023-03-31T00:00:00Z,False,2026-06-01 02:51:24.912100
15419255_aug_544104,"Acoustic Guitar Stand Mahogany and Maple, Classical Guitar, Boutique Wood Guitar Stand",Blackwell Woodworks,acoustic-guitar,288200,excellent,CA,2023-03-29T00:00:00Z,False,2026-06-01 02:51:24.912100
15419255_aug_62945,"Acoustic Guitar Stand Mahogany and Maple, Classical Guitar, Boutique Wood Guitar Stand",Blackwell Woodworks,acoustic-guitar,234500,fair,US,2023-08-09T00:00:00Z,False,2026-06-01 02:51:24.912100
15419255_aug_66085,"Acoustic Guitar Stand Mahogany and Maple, Classical Guitar, Boutique Wood Guitar Stand",Blackwell Woodworks,acoustic-guitar,281500,excellent,DE,2023-01-04T00:00:00Z,False,2026-06-01 02:51:24.912100
15419255_aug_94435,"Acoustic Guitar Stand Mahogany and Maple, Classical Guitar, Boutique Wood Guitar Stand",Blackwell Woodworks,acoustic-guitar,293500,very-good,JP,2023-01-27T00:00:00Z,False,2026-06-01 02:51:24.912100
15419255_aug_95017,"Acoustic Guitar Stand Mahogany and Maple, Classical Guitar, Boutique Wood Guitar Stand",Blackwell Woodworks,acoustic-guitar,272700,very-good,US,2023-05-07T00:00:00Z,False,2026-06-01 02:51:24.912100
15463464_aug_111315,Gamechanger Audio Plasma High Voltage Distortion Pedal,Gamechanger Audio,effector,428600,excellent,KR,2023-07-22T00:00:00Z,False,2026-06-01 02:51:24.912100
15463464_aug_114033,Gamechanger Audio Plasma High Voltage Distortion Pedal,Gamechanger Audio,effector,342900,very-good,US,2023-07-31T00:00:00Z,False,2026-06-01 02:51:24.912100
15463464_aug_142679,Gamechanger Audio Plasma High Voltage Distortion Pedal,Gamechanger Audio,effector,422200,good,JP,2023-11-07T00:00:00Z,False,2026-06-01 02:51:24.912100
15463464_aug_194244,Gamechanger Audio Plasma High Voltage Distortion Pedal,Gamechanger Audio,effector,408400,very-good,GB,2023-01-16T00:00:00Z,True,2026-06-01 02:51:24.912100
15463464_aug_260210,Gamechanger Audio Plasma High Voltage Distortion Pedal,Gamechanger Audio,effector,365100,good,JP,2023-09-03T00:00:00Z,False,2026-06-01 02:51:24.912100
15463464_aug_265791,Gamechanger Audio Plasma High Voltage Distortion Pedal,Gamechanger Audio,effector,419200,good,DE,2023-05-13T00:00:00Z,False,2026-06-01 02:51:24.912100
15463464_aug_275052,Gamechanger Audio Plasma High Voltage Distortion Pedal,Gamechanger Audio,effector,385300,fair,US,2023-01-08T00:00:00Z,False,2026-06-01 02:51:24.912100
15463464_aug_276004,Gamechanger Audio Plasma High Voltage Distortion Pedal,Gamechanger Audio,effector,383200,very-good,US,2023-10-01T00:00:00Z,False,2026-06-01 02:51:24.912100
15463464_aug_337712,Gamechanger Audio Plasma High Voltage Distortion Pedal,Gamechanger Audio,effector,391000,fair,US,2023-09-29T00:00:00Z,False,2026-06-01 02:51:24.912100
15463464_aug_361301,Gamechanger Audio Plasma High Voltage Distortion Pedal,Gamechanger Audio,effector,363700,good,US,2023-12-27T00:00:00Z,False,2026-06-01 02:51:24.912100
15463464_aug_378867,Gamechanger Audio Plasma High Voltage Distortion Pedal,Gamechanger Audio,effector,392400,fair,US,2023-12-01T00:00:00Z,False,2026-06-01 02:51:24.912100
15463464_aug_409587,Gamechanger Audio Plasma High Voltage Distortion Pedal,Gamechanger Audio,effector,350900,good,JP,2023-02-12T00:00:00Z,False,2026-06-01 02:51:24.912100
15463464_aug_412994,Gamechanger Audio Plasma High Voltage Distortion Pedal,Gamechanger Audio,effector,406800,excellent,US,2023-12-06T00:00:00Z,False,2026-06-01 02:51:24.912100
15463464_aug_41853,Gamechanger Audio Plasma High Voltage Distortion Pedal,Gamechanger Audio,effector,436500,good,US,2023-05-11T00:00:00Z,False,2026-06-01 02:51:24.912100
15463464_aug_450280,Gamechanger Audio Plasma High Voltage Distortion Pedal,Gamechanger Audio,effector,448200,fair,US,2023-12-12T00:00:00Z,False,2026-06-01 02:51:24.912100
15463464_aug_452616,Gamechanger Audio Plasma High Voltage Distortion Pedal,Gamechanger Audio,effector,445600,excellent,GB,2023-07-16T00:00:00Z,False,2026-06-01 02:51:24.912100
15463464_aug_496831,Gamechanger Audio Plasma High Voltage Distortion Pedal,Gamechanger Audio,effector,400700,very-good,JP,2023-07-02T00:00:00Z,True,2026-06-01 02:51:24.912100
15463464_aug_519277,Gamechanger Audio Plasma High Voltage Distortion Pedal,Gamechanger Audio,effector,454500,very-good,US,2023-06-28T00:00:00Z,False,2026-06-01 02:51:24.912100
15463464_aug_519486,Gamechanger Audio Plasma High Voltage Distortion Pedal,Gamechanger Audio,effector,377400,very-good,US,2023-12-05T00:00:00Z,False,2026-06-01 02:51:24.912100
15463464_aug_564579,Gamechanger Audio Plasma High Voltage Distortion Pedal,Gamechanger Audio,effector,526400,mint,KR,2023-08-26T00:00:00Z,False,2026-06-01 02:51:24.912100
15463464_aug_57113,Gamechanger Audio Plasma High Voltage Distortion Pedal,Gamechanger Audio,effector,431800,very-good,KR,2023-07-07T00:00:00Z,False,2026-06-01 02:51:24.912100
15463464_aug_586453,Gamechanger Audio Plasma High Voltage Distortion Pedal,Gamechanger Audio,effector,427900,good,DE,2023-12-12T00:00:00Z,False,2026-06-01 02:51:24.912100
15463464_aug_79989,Gamechanger Audio Plasma High Voltage Distortion Pedal,Gamechanger Audio,effector,405100,excellent,KR,2023-02-19T00:00:00Z,False,2026-06-01 02:51:24.912100
15463464_aug_89455,Gamechanger Audio Plasma High Voltage Distortion Pedal,Gamechanger Audio,effector,405400,excellent,US,2023-03-11T00:00:00Z,False,2026-06-01 02:51:24.912100
15463464_aug_93209,Gamechanger Audio Plasma High Voltage Distortion Pedal,Gamechanger Audio,effector,435200,good,US,2023-06-05T00:00:00Z,True,2026-06-01 02:51:24.912100
15463464_aug_95366,Gamechanger Audio Plasma High Voltage Distortion Pedal,Gamechanger Audio,effector,335000,excellent,US,2023-05-02T00:00:00Z,False,2026-06-01 02:51:24.912100
15996328_aug_120343,"Big Fat Snare Drum XL Donut 13""",Big Fat Snare Drum,drum,37000,very-good,FR,2023-09-19T00:00:00Z,False,2026-06-01 02:51:24.912100
15996328_aug_135607,"Big Fat Snare Drum XL Donut 13""",Big Fat Snare Drum,drum,37900,good,JP,2023-11-09T00:00:00Z,False,2026-06-01 02:51:24.912100
15996328_aug_156436,"Big Fat Snare Drum XL Donut 13""",Big Fat Snare Drum,drum,32000,very-good,US,2023-04-16T00:00:00Z,False,2026-06-01 02:51:24.912100
15996328_aug_162063,"Big Fat Snare Drum XL Donut 13""",Big Fat Snare Drum,drum,33800,excellent,KR,2023-07-07T00:00:00Z,False,2026-06-01 02:51:24.912100
15996328_aug_166789,"Big Fat Snare Drum XL Donut 13""",Big Fat Snare Drum,drum,36000,mint,JP,2023-07-09T00:00:00Z,False,2026-06-01 02:51:24.912100
15996328_aug_173480,"Big Fat Snare Drum XL Donut 13""",Big Fat Snare Drum,drum,38100,mint,AU,2023-07-06T00:00:00Z,False,2026-06-01 02:51:24.912100
15996328_aug_179952,"Big Fat Snare Drum XL Donut 13""",Big Fat Snare Drum,drum,34500,fair,KR,2023-07-08T00:00:00Z,False,2026-06-01 02:51:24.912100
15996328_aug_288622,"Big Fat Snare Drum XL Donut 13""",Big Fat Snare Drum,drum,35000,fair,DE,2023-06-18T00:00:00Z,False,2026-06-01 02:51:24.912100
15996328_aug_299603,"Big Fat Snare Drum XL Donut 13""",Big Fat Snare Drum,drum,37000,fair,US,2023-01-26T00:00:00Z,False,2026-06-01 02:51:24.912100
15996328_aug_369907,"Big Fat Snare Drum XL Donut 13""",Big Fat Snare Drum,drum,37200,very-good,US,2023-03-21T00:00:00Z,False,2026-06-01 02:51:24.912100
15996328_aug_463853,"Big Fat Snare Drum XL Donut 13""",Big Fat Snare Drum,drum,29200,good,GB,2023-10-10T00:00:00Z,False,2026-06-01 02:51:24.912100
15996328_aug_494476,"Big Fat Snare Drum XL Donut 13""",Big Fat Snare Drum,drum,34200,excellent,DE,2023-03-30T00:00:00Z,False,2026-06-01 02:51:24.912100
15996328_aug_503638,"Big Fat Snare Drum XL Donut 13""",Big Fat Snare Drum,drum,35700,good,GB,2023-04-13T00:00:00Z,False,2026-06-01 02:51:24.912100
15996328_aug_542217,"Big Fat Snare Drum XL Donut 13""",Big Fat Snare Drum,drum,35300,very-good,US,2023-04-21T00:00:00Z,False,2026-06-01 02:51:24.912100
15996328_aug_565514,"Big Fat Snare Drum XL Donut 13""",Big Fat Snare Drum,drum,37200,excellent,US,2023-01-20T00:00:00Z,False,2026-06-01 02:51:24.912100
15996328_aug_566640,"Big Fat Snare Drum XL Donut 13""",Big Fat Snare Drum,drum,32300,excellent,US,2023-01-14T00:00:00Z,False,2026-06-01 02:51:24.912100
15996328_aug_592336,"Big Fat Snare Drum XL Donut 13""",Big Fat Snare Drum,drum,34400,good,US,2023-11-06T00:00:00Z,False,2026-06-01 02:51:24.912100
15996328_aug_78090,"Big Fat Snare Drum XL Donut 13""",Big Fat Snare Drum,drum,36300,good,GB,2023-05-03T00:00:00Z,False,2026-06-01 02:51:24.912100
16075991_aug_110468,"Gator Mixer/Gear Bag | 12""x12""x5.5""",Gator,mixer-interface,78900,excellent,US,2023-11-05T00:00:00Z,False,2026-06-01 02:51:24.912100
16075991_aug_129180,"Gator Mixer/Gear Bag | 12""x12""x5.5""",Gator,mixer-interface,71100,good,FR,2023-04-21T00:00:00Z,False,2026-06-01 02:51:24.912100
16075991_aug_15328,"Gator Mixer/Gear Bag | 12""x12""x5.5""",Gator,mixer-interface,74400,very-good,US,2023-02-04T00:00:00Z,False,2026-06-01 02:51:24.912100
16075991_aug_18471,"Gator Mixer/Gear Bag | 12""x12""x5.5""",Gator,mixer-interface,68400,excellent,KR,2023-03-06T00:00:00Z,False,2026-06-01 02:51:24.912100
16075991_aug_196451,"Gator Mixer/Gear Bag | 12""x12""x5.5""",Gator,mixer-interface,82600,good,CA,2023-05-18T00:00:00Z,True,2026-06-01 02:51:24.912100
16075991_aug_203721,"Gator Mixer/Gear Bag | 12""x12""x5.5""",Gator,mixer-interface,65400,mint,US,2023-01-21T00:00:00Z,False,2026-06-01 02:51:24.912100
16075991_aug_210687,"Gator Mixer/Gear Bag | 12""x12""x5.5""",Gator,mixer-interface,81500,excellent,US,2023-04-19T00:00:00Z,False,2026-06-01 02:51:24.912100
16075991_aug_231032,"Gator Mixer/Gear Bag | 12""x12""x5.5""",Gator,mixer-interface,79900,excellent,US,2023-01-04T00:00:00Z,False,2026-06-01 02:51:24.912100
16075991_aug_25752,"Gator Mixer/Gear Bag | 12""x12""x5.5""",Gator,mixer-interface,70500,good,US,2023-11-12T00:00:00Z,False,2026-06-01 02:51:24.912100
16075991_aug_258544,"Gator Mixer/Gear Bag | 12""x12""x5.5""",Gator,mixer-interface,68500,good,US,2023-08-12T00:00:00Z,False,2026-06-01 02:51:24.912100
16075991_aug_269014,"Gator Mixer/Gear Bag | 12""x12""x5.5""",Gator,mixer-interface,78100,very-good,KR,2023-02-01T00:00:00Z,False,2026-06-01 02:51:24.912100
16075991_aug_290479,"Gator Mixer/Gear Bag | 12""x12""x5.5""",Gator,mixer-interface,85100,fair,KR,2023-03-14T00:00:00Z,False,2026-06-01 02:51:24.912100
16075991_aug_294064,"Gator Mixer/Gear Bag | 12""x12""x5.5""",Gator,mixer-interface,73100,good,US,2023-10-15T00:00:00Z,False,2026-06-01 02:51:24.912100
16075991_aug_304268,"Gator Mixer/Gear Bag | 12""x12""x5.5""",Gator,mixer-interface,83200,very-good,US,2023-08-06T00:00:00Z,False,2026-06-01 02:51:24.912100
16075991_aug_311685,"Gator Mixer/Gear Bag | 12""x12""x5.5""",Gator,mixer-interface,71600,mint,US,2023-06-20T00:00:00Z,False,2026-06-01 02:51:24.912100
16075991_aug_317124,"Gator Mixer/Gear Bag | 12""x12""x5.5""",Gator,mixer-interface,69300,very-good,US,2023-10-20T00:00:00Z,False,2026-06-01 02:51:24.912100
16075991_aug_330444,"Gator Mixer/Gear Bag | 12""x12""x5.5""",Gator,mixer-interface,65900,excellent,US,2023-08-25T00:00:00Z,False,2026-06-01 02:51:24.912100
16075991_aug_339895,"Gator Mixer/Gear Bag | 12""x12""x5.5""",Gator,mixer-interface,67300,good,US,2023-01-14T00:00:00Z,False,2026-06-01 02:51:24.912100
16075991_aug_343591,"Gator Mixer/Gear Bag | 12""x12""x5.5""",Gator,mixer-interface,76000,good,AU,2023-07-17T00:00:00Z,False,2026-06-01 02:51:24.912100
16075991_aug_384291,"Gator Mixer/Gear Bag | 12""x12""x5.5""",Gator,mixer-interface,74100,mint,KR,2023-08-16T00:00:00Z,False,2026-06-01 02:51:24.912100
16075991_aug_389178,"Gator Mixer/Gear Bag | 12""x12""x5.5""",Gator,mixer-interface,77000,excellent,JP,2023-03-23T00:00:00Z,False,2026-06-01 02:51:24.912100
16075991_aug_390356,"Gator Mixer/Gear Bag | 12""x12""x5.5""",Gator,mixer-interface,73400,good,US,2023-04-05T00:00:00Z,False,2026-06-01 02:51:24.912100
16075991_aug_395031,"Gator Mixer/Gear Bag | 12""x12""x5.5""",Gator,mixer-interface,76000,very-good,JP,2023-08-21T00:00:00Z,False,2026-06-01 02:51:24.912100
16075991_aug_397711,"Gator Mixer/Gear Bag | 12""x12""x5.5""",Gator,mixer-interface,76100,very-good,US,2023-08-20T00:00:00Z,True,2026-06-01 02:51:24.912100
16075991_aug_447902,"Gator Mixer/Gear Bag | 12""x12""x5.5""",Gator,mixer-interface,75200,very-good,JP,2023-06-30T00:00:00Z,False,2026-06-01 02:51:24.912100
16075991_aug_478008,"Gator Mixer/Gear Bag | 12""x12""x5.5""",Gator,mixer-interface,79200,very-good,US,2023-05-17T00:00:00Z,False,2026-06-01 02:51:24.912100
16075991_aug_478313,"Gator Mixer/Gear Bag | 12""x12""x5.5""",Gator,mixer-interface,78700,fair,KR,2023-12-14T00:00:00Z,False,2026-06-01 02:51:24.912100
16075991_aug_480509,"Gator Mixer/Gear Bag | 12""x12""x5.5""",Gator,mixer-interface,71900,very-good,US,2023-05-01T00:00:00Z,False,2026-06-01 02:51:24.912100
16075991_aug_515859,"Gator Mixer/Gear Bag | 12""x12""x5.5""",Gator,mixer-interface,73800,good,US,2023-09-11T00:00:00Z,True,2026-06-01 02:51:24.912100
16075991_aug_524539,"Gator Mixer/Gear Bag | 12""x12""x5.5""",Gator,mixer-interface,78500,very-good,JP,2023-01-19T00:00:00Z,False,2026-06-01 02:51:24.912100
16075991_aug_539757,"Gator Mixer/Gear Bag | 12""x12""x5.5""",Gator,mixer-interface,73200,very-good,US,2023-10-14T00:00:00Z,False,2026-06-01 02:51:24.912100
16075991_aug_588860,"Gator Mixer/Gear Bag | 12""x12""x5.5""",Gator,mixer-interface,59600,excellent,KR,2023-09-26T00:00:00Z,False,2026-06-01 02:51:24.912100
16075991_aug_65781,"Gator Mixer/Gear Bag | 12""x12""x5.5""",Gator,mixer-interface,73400,mint,DE,2023-10-16T00:00:00Z,False,2026-06-01 02:51:24.912100
16075991_aug_85630,"Gator Mixer/Gear Bag | 12""x12""x5.5""",Gator,mixer-interface,75100,excellent,AU,2023-04-30T00:00:00Z,False,2026-06-01 02:51:24.912100
16075991_aug_87900,"Gator Mixer/Gear Bag | 12""x12""x5.5""",Gator,mixer-interface,69000,excellent,DE,2023-03-19T00:00:00Z,False,2026-06-01 02:51:24.912100
16075991_aug_88693,"Gator Mixer/Gear Bag | 12""x12""x5.5""",Gator,mixer-interface,68300,excellent,JP,2023-02-10T00:00:00Z,False,2026-06-01 02:51:24.912100
17155435_aug_101713,1969 Ampeg Amplifier Full Line Brochure,Ampeg,amp,251600,very-good,US,2023-10-27T00:00:00Z,False,2026-06-01 02:51:24.912100
17155435_aug_107388,1969 Ampeg Amplifier Full Line Brochure,Ampeg,amp,285000,good,US,2023-01-14T00:00:00Z,True,2026-06-01 02:51:24.912100
17155435_aug_132444,1969 Ampeg Amplifier Full Line Brochure,Ampeg,amp,214300,mint,JP,2023-06-11T00:00:00Z,False,2026-06-01 02:51:24.912100
17155435_aug_176053,1969 Ampeg Amplifier Full Line Brochure,Ampeg,amp,252000,excellent,AU,2023-06-29T00:00:00Z,False,2026-06-01 02:51:24.912100
17155435_aug_178922,1969 Ampeg Amplifier Full Line Brochure,Ampeg,amp,243000,fair,DE,2023-06-12T00:00:00Z,False,2026-06-01 02:51:24.912100
17155435_aug_18256,1969 Ampeg Amplifier Full Line Brochure,Ampeg,amp,269500,good,US,2023-08-31T00:00:00Z,True,2026-06-01 02:51:24.912100
17155435_aug_198921,1969 Ampeg Amplifier Full Line Brochure,Ampeg,amp,269900,good,DE,2023-09-23T00:00:00Z,False,2026-06-01 02:51:24.912100
17155435_aug_246154,1969 Ampeg Amplifier Full Line Brochure,Ampeg,amp,272500,very-good,GB,2023-11-14T00:00:00Z,False,2026-06-01 02:51:24.912100
17155435_aug_254313,1969 Ampeg Amplifier Full Line Brochure,Ampeg,amp,265500,very-good,US,2023-08-27T00:00:00Z,False,2026-06-01 02:51:24.912100
17155435_aug_268918,1969 Ampeg Amplifier Full Line Brochure,Ampeg,amp,267100,mint,KR,2023-08-06T00:00:00Z,False,2026-06-01 02:51:24.912100
17155435_aug_280021,1969 Ampeg Amplifier Full Line Brochure,Ampeg,amp,311200,good,JP,2023-02-26T00:00:00Z,False,2026-06-01 02:51:24.912100
17155435_aug_280233,1969 Ampeg Amplifier Full Line Brochure,Ampeg,amp,243900,excellent,US,2023-05-11T00:00:00Z,False,2026-06-01 02:51:24.912100
17155435_aug_382117,1969 Ampeg Amplifier Full Line Brochure,Ampeg,amp,285300,very-good,KR,2023-09-01T00:00:00Z,False,2026-06-01 02:51:24.912100
17155435_aug_396104,1969 Ampeg Amplifier Full Line Brochure,Ampeg,amp,276900,very-good,KR,2023-06-07T00:00:00Z,False,2026-06-01 02:51:24.912100
17155435_aug_417868,1969 Ampeg Amplifier Full Line Brochure,Ampeg,amp,303700,very-good,KR,2023-08-24T00:00:00Z,False,2026-06-01 02:51:24.912100
17155435_aug_429885,1969 Ampeg Amplifier Full Line Brochure,Ampeg,amp,277000,very-good,US,2023-09-05T00:00:00Z,False,2026-06-01 02:51:24.912100
17155435_aug_437938,1969 Ampeg Amplifier Full Line Brochure,Ampeg,amp,271100,good,US,2023-04-01T00:00:00Z,False,2026-06-01 02:51:24.912100
17155435_aug_460724,1969 Ampeg Amplifier Full Line Brochure,Ampeg,amp,295900,excellent,GB,2023-11-24T00:00:00Z,False,2026-06-01 02:51:24.912100
17155435_aug_473939,1969 Ampeg Amplifier Full Line Brochure,Ampeg,amp,270100,excellent,US,2023-03-13T00:00:00Z,False,2026-06-01 02:51:24.912100
17155435_aug_474475,1969 Ampeg Amplifier Full Line Brochure,Ampeg,amp,236200,good,GB,2023-08-29T00:00:00Z,False,2026-06-01 02:51:24.912100
17155435_aug_516990,1969 Ampeg Amplifier Full Line Brochure,Ampeg,amp,257000,very-good,JP,2023-03-27T00:00:00Z,False,2026-06-01 02:51:24.912100
17155435_aug_53739,1969 Ampeg Amplifier Full Line Brochure,Ampeg,amp,274500,good,AU,2023-02-16T00:00:00Z,True,2026-06-01 02:51:24.912100
17155435_aug_570309,1969 Ampeg Amplifier Full Line Brochure,Ampeg,amp,271200,very-good,US,2023-10-04T00:00:00Z,False,2026-06-01 02:51:24.912100
17155435_aug_599836,1969 Ampeg Amplifier Full Line Brochure,Ampeg,amp,295200,excellent,KR,2023-06-30T00:00:00Z,False,2026-06-01 02:51:24.912100
17439381_aug_11537,"Pro X  Mixer ATA Flight Hard Case for Large Format 12"" Universal DJ Mixer with Laptop Shelf Black o",Prox,mixer-interface,326800,good,GB,2023-02-22T00:00:00Z,False,2026-06-01 02:51:24.912100
17439381_aug_151003,"Pro X  Mixer ATA Flight Hard Case for Large Format 12"" Universal DJ Mixer with Laptop Shelf Black o",Prox,mixer-interface,324700,very-good,AU,2023-11-15T00:00:00Z,True,2026-06-01 02:51:24.912100
17439381_aug_151658,"Pro X  Mixer ATA Flight Hard Case for Large Format 12"" Universal DJ Mixer with Laptop Shelf Black o",Prox,mixer-interface,272800,excellent,US,2023-01-06T00:00:00Z,False,2026-06-01 02:51:24.912100
17439381_aug_170390,"Pro X  Mixer ATA Flight Hard Case for Large Format 12"" Universal DJ Mixer with Laptop Shelf Black o",Prox,mixer-interface,329700,very-good,US,2023-12-08T00:00:00Z,False,2026-06-01 02:51:24.912100
17439381_aug_209691,"Pro X  Mixer ATA Flight Hard Case for Large Format 12"" Universal DJ Mixer with Laptop Shelf Black o",Prox,mixer-interface,352100,excellent,US,2023-03-13T00:00:00Z,False,2026-06-01 02:51:24.912100
17439381_aug_226309,"Pro X  Mixer ATA Flight Hard Case for Large Format 12"" Universal DJ Mixer with Laptop Shelf Black o",Prox,mixer-interface,343900,good,KR,2023-07-16T00:00:00Z,False,2026-06-01 02:51:24.912100
17439381_aug_258401,"Pro X  Mixer ATA Flight Hard Case for Large Format 12"" Universal DJ Mixer with Laptop Shelf Black o",Prox,mixer-interface,326100,very-good,US,2023-01-20T00:00:00Z,False,2026-06-01 02:51:24.912100
17439381_aug_259150,"Pro X  Mixer ATA Flight Hard Case for Large Format 12"" Universal DJ Mixer with Laptop Shelf Black o",Prox,mixer-interface,309300,excellent,KR,2023-02-16T00:00:00Z,False,2026-06-01 02:51:24.912100
17439381_aug_309389,"Pro X  Mixer ATA Flight Hard Case for Large Format 12"" Universal DJ Mixer with Laptop Shelf Black o",Prox,mixer-interface,271400,very-good,US,2023-02-03T00:00:00Z,False,2026-06-01 02:51:24.912100
17439381_aug_313120,"Pro X  Mixer ATA Flight Hard Case for Large Format 12"" Universal DJ Mixer with Laptop Shelf Black o",Prox,mixer-interface,315600,fair,KR,2023-07-02T00:00:00Z,False,2026-06-01 02:51:24.912100
17439381_aug_357655,"Pro X  Mixer ATA Flight Hard Case for Large Format 12"" Universal DJ Mixer with Laptop Shelf Black o",Prox,mixer-interface,287600,excellent,CA,2023-03-03T00:00:00Z,False,2026-06-01 02:51:24.912100
17439381_aug_367838,"Pro X  Mixer ATA Flight Hard Case for Large Format 12"" Universal DJ Mixer with Laptop Shelf Black o",Prox,mixer-interface,349600,excellent,JP,2023-11-29T00:00:00Z,False,2026-06-01 02:51:24.912100
17439381_aug_409645,"Pro X  Mixer ATA Flight Hard Case for Large Format 12"" Universal DJ Mixer with Laptop Shelf Black o",Prox,mixer-interface,280400,very-good,US,2023-05-06T00:00:00Z,False,2026-06-01 02:51:24.912100
17439381_aug_44426,"Pro X  Mixer ATA Flight Hard Case for Large Format 12"" Universal DJ Mixer with Laptop Shelf Black o",Prox,mixer-interface,348600,very-good,US,2023-07-08T00:00:00Z,False,2026-06-01 02:51:24.912100
17439381_aug_451389,"Pro X  Mixer ATA Flight Hard Case for Large Format 12"" Universal DJ Mixer with Laptop Shelf Black o",Prox,mixer-interface,326300,good,JP,2023-12-07T00:00:00Z,False,2026-06-01 02:51:24.912100
17439381_aug_470791,"Pro X  Mixer ATA Flight Hard Case for Large Format 12"" Universal DJ Mixer with Laptop Shelf Black o",Prox,mixer-interface,334200,fair,US,2023-01-04T00:00:00Z,True,2026-06-01 02:51:24.912100
17439381_aug_475184,"Pro X  Mixer ATA Flight Hard Case for Large Format 12"" Universal DJ Mixer with Laptop Shelf Black o",Prox,mixer-interface,327900,good,KR,2023-01-19T00:00:00Z,False,2026-06-01 02:51:24.912100
17439381_aug_499951,"Pro X  Mixer ATA Flight Hard Case for Large Format 12"" Universal DJ Mixer with Laptop Shelf Black o",Prox,mixer-interface,309400,very-good,DE,2023-05-06T00:00:00Z,True,2026-06-01 02:51:24.912100
17439381_aug_543259,"Pro X  Mixer ATA Flight Hard Case for Large Format 12"" Universal DJ Mixer with Laptop Shelf Black o",Prox,mixer-interface,341000,mint,CA,2023-08-05T00:00:00Z,False,2026-06-01 02:51:24.912100
17439381_aug_575218,"Pro X  Mixer ATA Flight Hard Case for Large Format 12"" Universal DJ Mixer with Laptop Shelf Black o",Prox,mixer-interface,299400,excellent,DE,2023-09-07T00:00:00Z,False,2026-06-01 02:51:24.912100
17439381_aug_86655,"Pro X  Mixer ATA Flight Hard Case for Large Format 12"" Universal DJ Mixer with Laptop Shelf Black o",Prox,mixer-interface,335300,very-good,KR,2023-11-30T00:00:00Z,False,2026-06-01 02:51:24.912100
17439381_aug_92152,"Pro X  Mixer ATA Flight Hard Case for Large Format 12"" Universal DJ Mixer with Laptop Shelf Black o",Prox,mixer-interface,314900,very-good,KR,2023-01-20T00:00:00Z,False,2026-06-01 02:51:24.912100
17439381_aug_9680,"Pro X  Mixer ATA Flight Hard Case for Large Format 12"" Universal DJ Mixer with Laptop Shelf Black o",Prox,mixer-interface,311700,very-good,AU,2023-10-22T00:00:00Z,False,2026-06-01 02:51:24.912100
17891964_aug_110245,Pioneer DJ: DJM-450 2-Channel Mixer,Pioneer,mixer-interface,1265800,mint,KR,2023-02-10T00:00:00Z,False,2026-06-01 02:51:24.912100
17891964_aug_113582,Pioneer DJ: DJM-450 2-Channel Mixer,Pioneer,mixer-interface,1139400,mint,US,2023-12-06T00:00:00Z,False,2026-06-01 02:51:24.912100
17891964_aug_115460,Pioneer DJ: DJM-450 2-Channel Mixer,Pioneer,mixer-interface,1303200,very-good,US,2023-07-15T00:00:00Z,False,2026-06-01 02:51:24.912100
17891964_aug_117027,Pioneer DJ: DJM-450 2-Channel Mixer,Pioneer,mixer-interface,1112300,good,US,2023-10-21T00:00:00Z,False,2026-06-01 02:51:24.912100
17891964_aug_145630,Pioneer DJ: DJM-450 2-Channel Mixer,Pioneer,mixer-interface,1124300,good,KR,2023-09-22T00:00:00Z,False,2026-06-01 02:51:24.912100
17891964_aug_228348,Pioneer DJ: DJM-450 2-Channel Mixer,Pioneer,mixer-interface,964700,excellent,KR,2023-03-18T00:00:00Z,False,2026-06-01 02:51:24.912100
17891964_aug_228580,Pioneer DJ: DJM-450 2-Channel Mixer,Pioneer,mixer-interface,1205100,excellent,KR,2023-05-04T00:00:00Z,True,2026-06-01 02:51:24.912100
17891964_aug_238449,Pioneer DJ: DJM-450 2-Channel Mixer,Pioneer,mixer-interface,1247400,excellent,US,2023-09-15T00:00:00Z,True,2026-06-01 02:51:24.912100
17891964_aug_244530,Pioneer DJ: DJM-450 2-Channel Mixer,Pioneer,mixer-interface,1193600,excellent,US,2023-10-11T00:00:00Z,False,2026-06-01 02:51:24.912100
17891964_aug_258261,Pioneer DJ: DJM-450 2-Channel Mixer,Pioneer,mixer-interface,1133900,mint,US,2023-01-21T00:00:00Z,False,2026-06-01 02:51:24.912100
17891964_aug_282275,Pioneer DJ: DJM-450 2-Channel Mixer,Pioneer,mixer-interface,1167800,good,JP,2023-10-17T00:00:00Z,False,2026-06-01 02:51:24.912100
17891964_aug_328606,Pioneer DJ: DJM-450 2-Channel Mixer,Pioneer,mixer-interface,1191800,fair,US,2023-05-20T00:00:00Z,False,2026-06-01 02:51:24.912100
17891964_aug_375094,Pioneer DJ: DJM-450 2-Channel Mixer,Pioneer,mixer-interface,1185000,very-good,KR,2023-12-02T00:00:00Z,True,2026-06-01 02:51:24.912100
17891964_aug_427294,Pioneer DJ: DJM-450 2-Channel Mixer,Pioneer,mixer-interface,1219000,good,US,2023-09-09T00:00:00Z,False,2026-06-01 02:51:24.912100
17891964_aug_450009,Pioneer DJ: DJM-450 2-Channel Mixer,Pioneer,mixer-interface,980700,excellent,GB,2023-07-04T00:00:00Z,False,2026-06-01 02:51:24.912100
17891964_aug_454949,Pioneer DJ: DJM-450 2-Channel Mixer,Pioneer,mixer-interface,1204400,excellent,GB,2023-08-13T00:00:00Z,False,2026-06-01 02:51:24.912100
17891964_aug_521616,Pioneer DJ: DJM-450 2-Channel Mixer,Pioneer,mixer-interface,1140700,excellent,US,2023-07-31T00:00:00Z,False,2026-06-01 02:51:24.912100
17891964_aug_527399,Pioneer DJ: DJM-450 2-Channel Mixer,Pioneer,mixer-interface,1255800,good,KR,2023-09-20T00:00:00Z,False,2026-06-01 02:51:24.912100
17891964_aug_542679,Pioneer DJ: DJM-450 2-Channel Mixer,Pioneer,mixer-interface,1292000,excellent,KR,2023-01-10T00:00:00Z,False,2026-06-01 02:51:24.912100
17891964_aug_556118,Pioneer DJ: DJM-450 2-Channel Mixer,Pioneer,mixer-interface,1067200,mint,US,2023-01-24T00:00:00Z,False,2026-06-01 02:51:24.912100
17891964_aug_564295,Pioneer DJ: DJM-450 2-Channel Mixer,Pioneer,mixer-interface,1216600,very-good,US,2023-12-19T00:00:00Z,False,2026-06-01 02:51:24.912100
17891964_aug_571073,Pioneer DJ: DJM-450 2-Channel Mixer,Pioneer,mixer-interface,1020900,good,JP,2023-09-27T00:00:00Z,False,2026-06-01 02:51:24.912100
17891964_aug_572447,Pioneer DJ: DJM-450 2-Channel Mixer,Pioneer,mixer-interface,1184500,excellent,JP,2023-03-08T00:00:00Z,True,2026-06-01 02:51:24.912100
17891964_aug_594689,Pioneer DJ: DJM-450 2-Channel Mixer,Pioneer,mixer-interface,1245700,good,US,2023-10-25T00:00:00Z,False,2026-06-01 02:51:24.912100
17891964_aug_67513,Pioneer DJ: DJM-450 2-Channel Mixer,Pioneer,mixer-interface,1291100,very-good,US,2023-06-22T00:00:00Z,False,2026-06-01 02:51:24.912100
17891964_aug_79026,Pioneer DJ: DJM-450 2-Channel Mixer,Pioneer,mixer-interface,1071700,very-good,JP,2023-10-20T00:00:00Z,False,2026-06-01 02:51:24.912100
1861232_aug_122226,On-Stage Keyboard Piano Synth Stand Bench Sustain Pedal Beginner Starter Pack Bundle,On-Stage,synthesizer,190100,very-good,KR,2023-10-30T00:00:00Z,False,2026-06-01 02:51:24.912100
